Product Title,URL,Correct Title
Alcatel Pipeline 75 Router (P75-1SBRI-UK),http://alcatel-lucent.industrialpartner.com/networking-telecom/300071644.htm,Alcatel-Lucent Pipeline 75 Router (P75-1SBRI-UK)
Alcatel Ericsson Colorado 90-4936-03 Router,http://www.dealtime.com/Alcatel-Ericsson-Colorado-90-4936-03/info?tab=specs,Alcatel Ericsson Colorado 90-4936-03 Router (90-4936-03)
Marconi Systems NSX 9500 Router (209-1100-011),http://www.dealtime.com/Marco-Marconi-NSX-9500-209-1100-011/info?tab=specs,Marconi Systems NSX 9500 Router (209-1100-011)
Samsung HW-D650W 5.1 Channel Home Theater System,http://www.fixya.com/support/p3074558-samsung_hw_d650w_5_1_channel_3d_home_the,Samsung HW-D650W 5.1 Channel Home Theater System
Universal Remote Control ACVTD2 Tripod,http://wize.com/tripods/p62617-universal-remote-control-acvtd2,Universal Remote Control ACVTD2 Tripod
3Com 003443-0 Router,http://www.fixya.com/support/p318460-3com_003443_0_router,3Com 003443-0 Router
Gadzoox Networks Geminix 10/100 Wired Router (GZ-1049-1),http://reviews.cnet.com/routers/gadzoox-geminix-router-none/1707-3319_7-30436757.html,Gadzoox Networks Geminix 10/100 Wired Router (GZ-1049-1)
D-link DSDLDI614P Router,http://www.epinions.com/pr-D-Link_DI-614_AirPlus_Enhanced_2_4GHz_802_11b_Wireless_Router_Retail_dsdldi614p_Network_Adapter/display_~full_specs,D-link DSDLDI614P Router
Compaq Refurbished 15808-RT-10G Router (15808RT10GRF),http://www.codemicro.com/store/product/Cisco-15808RT10GRF-Refurbished.php,Compaq Refurbished 15808-RT-10G Router (15808RT10GRF)
Compaq Refurbished Ap53 Router (AP53DCPWRRF),http://www.dealtime.com/Compaq-AP53-DC-PWR-REFURBISHED-NO-RETURNS-SEE/info?tab=specs,Compaq Refurbished Ap53 Router (AP53DCPWRRF)
HP Compaq Connection Point CP-2E Router (283010-001),http://www.tradeloop.com/computer_parts/detail/?k=283010-001,HP Compaq Connection Point CP-2E Router (283010-001)
Amvona ATCF883 Tripod,http://www.dealtime.com/Dynatran-AT-CF883-Carbon-Fiber-Tripod-by-DynaTran/info?tab=specs,Amvona ATCF883 Tripod
Compaq Refurbished Ap5301 Router (AP5301RF),http://www.fixya.com/support/p280796-compaq_refurbished_ap5301_router_ap5301,Compaq Refurbished Ap5301 Router (AP5301RF)
Celestron 93591a Tripod,http://www.fixya.com/support/p24214-celestron_field_93591a_tripod,Celestron 93591-A Tripod
Compaq Refurbished 1900 Router (PWR1900AC62RF),http://www.xpbargains.com/xpricer.php/product_reviews__pid--PWR1900AC62RF.htm,Compaq Refurbished 1900 Router (PWR1900AC62RF)
Televue pay8011 Tripod,http://www.dealtime.com/Televue-Tele-Vue-Panoramic-Telescope-Tripod-Ash/info?tab=specs,Televue pay8011 Tripod
Vivitar 59970 Tripod,http://wize.com/tripods/p62738-vivitar-59970,Vivitar 59970 Tripod
Smith-Victor 700205 Tripod,http://www.bhphotovideo.com/c/product/250414-REG/Smith_Victor_700205_Tablepod_5_Mini_Tripod.html,Smith-Victor 700205 Tripod
Samsung MM-DJ8 Home Theater System,http://www.homecine-compare.com/lecteur-SAMMMDJ8-SAMSUNG-MM-DJ8.htm,Samsung MM-DJ8 Home Theater System
Pioneer HTP-445 6.1 Channel Home Theater System,http://www.usedprice.com/items/audio/pioneer/compact-home-theater-system/htp445-67221.html,Pioneer HTP-445 6.1 Channel Home Theater System
FUJIFILM 7181130 Tripod,http://www.dealtime.com/Fuji-Fujinon-U-S-A-Tripod-for-25x150/info?tab=specs,FUJIFILM 7181130 Tripod
Samsung RTS-HE10T Home Theater System with DVD Player,http://www.directtvs.co.uk/Samsung_RTS-HE10T_2.1_Home_Cinema_System_RTS-HE10T/version.asp#maindesc,Samsung RTS-HE10T Home Theater System with DVD Player
Sanyo DC-AVD8501 Home Theater System,http://translate.google.com/translate?hl=en&sl=auto&tl=en&u=http%3A%2F%2Fwww.stereo.ru%2Fprofile_test.php%3Ftree_id%3D24%26product_id%3D11046,Sanyo DC-AVD8501 Home Theater System
Monster Cable Products mt200 Tripod,http://www.buy.com/prod/vanguard-mt-200-metal-tripod-floor-standing-tripod-27-5-to-63-75/90119173.html,Vanguard MT-200 Tripod
Bencher 850-27 Monopod,http://www.dealtime.com/Majestic-5027-Tripod-with-Brace-and-Extension/info?tab=specs,Bencher 5027 Tripod
Cabela's OS128-19 Tripod,http://www.dealtime.com/Cabela-s-Cabela-s-Professional-Carbon-Fiber-Tripods-Carbon-56-OS128-19/info?tab=specs,Cabela's OS128-19 Tripod
Gitzo g360 Tripod,http://www.fixya.com/support/p14857-gitzo_g360_tripod,Gitzo g360 Tripod
point CF18 Shoe Mount Flash,http://www.adorama.com/FABD.html#accessories,point CF18 Shoe Mount Flash
Honeywell Auto Strobonar 780 Shoe Mount Flash,http://www.usedprice.com/items/camera/honeywell/electric-flash-unit/autostrobonar-780-80862.html,Honeywell Auto Strobonar 780 Shoe Mount Flash
Metz Mecablitz 32 Z-1 Shoe Mount Flash,http://www.fixya.com/tags/metz_32_z_1,Metz Mecablitz 32 Z-1 Shoe Mount Flash
Cisco IAD2400 1-Port Wired Router (IAD2424-8FXS),http://www.networkhardware.com.au/index.php?main_page=product_info&cPath=363&products_id=26953&utm_source=myshopping&utm_medium=cpc&utm_campaign=Network+Products&utm_term=CISCO+IAD2424+8FXS,Cisco IAD2400 1-Port Wired Router (IAD2424-8FXS)
Sunpak FL-VL Shoe Mount Flash for Multiple Brands,http://www.amazon.com/Sunpak-Flash-Video-Light-Combo/dp/tech-data/B001T447XW/ref=de_a_smtd,Sunpak FL-VL Shoe Mount Flash for Multiple Brands
Juniper Networks Wired Router (RE8501536S),http://www.pcsuperstore.com/products/10240168-Juniper_Networks-RE8501536S.html,Juniper Networks Wired Router (RE8501536S)
Juniper Networks Wired Router (RE-600-2048),http://www.hardware.com/store/juniper/RE-600-2048,Juniper Networks Wired Router (RE-600-2048)
Sunpak 90 Shoe Mount Flash,http://www.songofsnow.com/SUNPAK-90-p/plsunp.htm,Sunpak 90 Shoe Mount Flash
Sunpak MG-1 Handle Mount Flash,http://www.rockycameras.com/sunpak-mg-1-hammer-head-flash-999-14868-p.asp,Sunpak MG-1 Handle Mount Flash
Nissin 5200G Handle Mount Flash,http://camera.manualsonline.com/support/nissin-flash/camera-flash/nissin-5200g-handle-flash-2032332,Nissin 5200G Handle Mount Flash
Minox TC 35 Shoe Mount Flash,http://www.bhphotovideo.com/c/product/800632212-USE/Minox_TC_35_Flash_for_35GT_35PL_35GL.html,Minox TC 35 Shoe Mount Flash
Pentax AF AF-080C Flash,http://www.photo-manuals.com/manual/pentax/flashgun/af080c/,Pentax AF AF-080C Flash
Yashica CS-140 Shoe Mount Flash,http://www.tristatecamera.com/product/Yashica_Cs-140_Flash_CS140.html,Yashica CS-140 Shoe Mount Flash
Canon Speedlite 011A Flash,http://www.bhphotovideo.com/c/product/800752937-USE/Canon_011A_Shoe_Mount_Dedicated.html,Canon Speedlite 011A Flash
Konica Minolta Auto Electroflash AUTO 25 Shoe Mount Flash,http://www.fixya.com/support/p2887856-konica_minolta_minolta_auto_25_flash_cam,Konica Minolta Auto Electroflash AUTO 25 Shoe Mount Flash
Cisco 7206 Gigabit Wired Router (CISCO7206-BB),http://www.networkhardware.com/Cisco/Routers/7200/CISCO7206-BB,Cisco 7206 Gigabit Wired Router (CISCO7206-BB)
iShoot Speedlite SP-680 Flash for Nikon,http://www.photoloving.com/gbu0-prodshow/SP680.html,iShoot Speedlite SP-680 Flash for Nikon
Yashica CS-220 Flash for Contax/Yashica,http://www.fixya.com/tags/yashica_cs_220,Yashica CS-220 Flash for Contax/Yashica
Olympus PS-100G Flash,http://www.flickr.com/photos/olympusrf/7212516456/,Olympus PS-100G Flash
Sigma EF-430 Flash for Nikon,http://www.photographyreview.com/cat/flash-and-lighting/flashes/sigma/ef-430-super/prd_84580_3121crx.aspx#pro-reviews,Sigma EF-430 Flash for Nikon
Sunpak Auto 321 Flash,http://www.camerabooks.com/Products/Sunpak-Auto-321-Electronic-Flash-Instruction-Manual__FL990-fslsh-Sunpak-spc-Auto-spc-321-spc-Manual.aspx,Sunpak Auto 321 Flash
Sunpak GX14 Flash,http://www.oxfam.org.uk/shop/art-and-photography/cameras-and-accessories/sunpak-gx14-camera-flash-805571,Sunpak GX14 Flash
Hanimex CB-355 Flash,http://www.acecam.com/message/9935.html,Hanimex CB-355 Flash
Sunpak Auto 422D Flash for Pentax,http://www.bhphotovideo.com/c/product/800739955-USE/Sunpak_Auto_422D_Dedicated_Shoe.html,Sunpak Auto 422D Flash for Pentax
Achiever 630AF Flash for Canon,http://www.bhphotovideo.com/c/product/800787174-USE/Achiever_9630AFC_630AF_Zoom_Flash.html,Achiever 630AF Flash for Canon
Rollei Strobonar Underwater Strobe Flash,http://www.usedprice.com/items/audio/rollei-usa/electric-flash-unit/auto-strobonar-682s-88803.html,Rollei Strobonar Underwater Strobe Flash
National PE 280C Shoe Mount Flash,http://www.amazon.co.uk/National-PE-280-instruction-manual/dp/B001AW7UEQ,National PE 280C Shoe Mount Flash
Soligor MK-6A Flash,http://www.flickr.com/photos/photosmexico/4657309945/,Soligor MK-6A Flash
TUMAX 860AFZ Flash for Nikon,http://translate.googleusercontent.com/translate_c?hl=en&rurl=translate.google.com&sl=auto&tl=en&u=http://blog.danawa.com/prod/%3Fprod_c%3D236790%26cate_c1%3D842%26cate_c2%3D39533%26cate_c3%3D39572%26cate_c4%3D39631%26keyword%3DTUMAX%2520860AFZ%2520%25EB%258B%2588%25EC%25BD%2598%25EC%259A%25A9&usg=ALkJrhiKxQuZphz1vj0ffv1PRyH4q_euiA,TUMAX 860AFZ Flash for Nikon
Philips P536TCLS Flash,http://www.jimscamerasseattle.com/php5flin25ap.html,Philips P536TCLS Flash
Vivitar 215 Flash,http://www.amazon.co.uk/Vivitar-215-copy-instruction-manual/dp/B001AWKHBY,Vivitar 215 Flash
Rokinon D980AFZ Flash for Canon,http://www.amazon.com/Rokinon-D980AFZ-C-Digital-Power-Flash/dp/B0029SHKBS,Rokinon D980AFZ Flash for Canon
Sigma EF-610 Shoe Mount Flash for Pentax,http://www.bhphotovideo.com/c/product/741732-REG/Sigma_189109_EF610_DG_Super_Flash.html#Specification,Sigma EF-610 Shoe Mount Flash for Pentax
Opteka EF-600DG Flash for Sony,http://optekacamerakitreviews.blogspot.in/2011/07/opteka-ef-600-ii-s.html,Opteka EF-600DG Flash for Sony
Vivitar SF-4000 Flash for Olympus,http://www.amazon.com/Vivitar-Enhance-Saturation-Olympus-Digital/dp/B002RMF53G,Vivitar SF-4000 Flash for Olympus
Spectrum 350MD Flash for Nikon,http://www.the35mm.com/front/php/product.php?product_no=6875&main_cate_no=200&display_group=1,Spectrum 350MD Flash for Nikon
Kalimar 173 Quick Flash,http://www.onlineauction.com/index.php?page=auction:view_item&auction_id=1352609,Kalimar 173 Quick Flash
Konica Minolta Auto 118X Flash,http://www.fixya.com/support/p2889496-konica_minolta_auto_118x_flash_excellent,Konica Minolta Auto 118X Flash
Yashica CS-203 Flash,http://shop.shphotoshop.de/epages/es104977.sf/en_GB/?ObjectPath=/Shops/es104977_shphoto/Products/25082,Yashica CS-203 Flash
Onkyo HT-S797CB Home Theater System,http://www.fixya.com/support/p622997-onkyo_hts797cb_theater_system,Onkyo HT-S797CB Home Theater System
Phoenix Smart Flash APZL-106C Flash for Canon,,
Holga 15B Shoe Mount Flash ('Yellow'),http://www.holgacamera.com/holga-15b-flash-with-5-color-filter/,Holga 15B Shoe Mount Flash ('Yellow')
Onkyo HT-S687C Home Theater System,http://www.fixya.com/support/p142955-onkyo_ht_s687c_system,Onkyo HT-S687C Home Theater System
Patton SmartNode 2300 10/100 Wired Router (SN2300/1T1L/UI),http://www.data-connect.com/Patton_SN2300_1T1IL_UI.htm,Patton SmartNode 2300 10/100 Wired Router (SN2300/1T1L/UI)
Onkyo HT-S454CB Home Theater System,http://www.fixya.com/support/p446320-onkyo_ht_s454cb_system,Onkyo HT-S454CB Home Theater System
Konica Minolta Maxxum 1800AF Shoe Mount Flash,http://www.fixya.com/support/p2889293-konica_minolta_maxxum_1800af_shoe_mount,Konica Minolta Maxxum 1800AF Shoe Mount Flash
Konica Minolta HX-18W Shoe Mount Flash,http://diaplousfoto.com/catalogue/en/rangefinders/3747-konica-hexar-rf-cmara-kit-xlnt-0033167348821.html,Konica Minolta HX-18W Shoe Mount Flash
Onkyo HT-S493DV 5.1 Channel Home Theater System with DVD Player,http://reviews.cnet.com/home-theater-systems/onkyo-ht-s493dv-home/1707-6740_7-9496808.html,Onkyo HT-S493DV 5.1 Channel Home Theater System with DVD Player
Vivitar 636AF Shoe Mount Flash for Nikon,http://www.fixya.com/tags/vivitar_636af,Vivitar 636AF Shoe Mount Flash for Nikon
Onkyo HT-R320 5.1 Channel Home Theater System with DVD Player,http://www.fixya.com/tags/onkyo_ht_r320,Onkyo HT-R320 5.1 Channel Home Theater System with DVD Player
Onkyo HT-S667B 5.1 Channel Home Theater System with DVD Player,http://user.cybrzn.com/tjoker/therest/UNCLEBRAT/ONKYO%20HT-S667.htm,Onkyo HT-S667B 5.1 Channel Home Theater System with DVD Player
Night Owl Optics FRP06 Home Theater System,http://www.fixya.com/support/p143773-night_owl_optics_frp06_system,Night Owl Optics FRP06 Home Theater System
Marantz CR2020 Home Theater System,http://www.fixya.com/search/p179904-marantz_cr_2020_receiver/marantz_cr2020,Marantz CR2020 Home Theater System
NexxTech ESDVD100 Home Theater System,http://www.fixya.com/support/p164345-nexxtech_esdvd100_system,NexxTech ESDVD100 Home Theater System
Mpio 1212D Home Theater System,http://www.fixya.com/search/p1337107-mpio_1212d_theater_system/mpio_1212d_theater_system,Mpio 1212D Home Theater System
Vixen AMTP3803 Tripod,http://www.stormlabs.com/Cameras/Other_Telescope_Accessories/Product/499168/id/129266/,Vixen HAL-110 Tripod
Sakar TR78 Tripod,http://www.photographyreview.com/cat/tripods/tripods/sakar/tr-78-tripod/prd_393082_3114crx.aspx,Sakar TR78 Tripod
Giottos QU045B Tripod,http://www.juggle.com/giottos-giottos-professional-2-section-mini-tripod,Giottos QU045B Tripod
Giottos 400289 Tripod,http://www.epinions.com/Giottos_Mini_Ball_Pod_40_0289_Tripod/display_~full_specs,Giottos 400289 Tripod
Hakuba HCFPPK Tripod,http://www.juggle.com/hakuba-hakuba-hcfppk-hakuba-clear-flexible-mini-tabletop-tripod-pink,Hakuba HCFPPK Tripod
Adorama SQ800M Tripod,http://www.adorama.com/catalog.tpl?op=detailsdisc&sku=TPTT3,Adorama Sequoia Tripod
Velbon dck-dlx Tripod,http://www.fixya.com/support/p11425-velbon_dck_dlx_tripod,Velbon dck-dlx Tripod
Sakar TOKTR072 Tripod,http://www.dealtime.com/Sakar-SAKAR-INTERNATIONAL-INC-TRIPOD-CAMERA-EXPANDABLE-MINI/info?tab=specs,Sakar TOKTR072 Tripod
Micro Innovations DST154 Tripod,http://www.buy.com/prod/micro-innovations-dig-pro-series-tripod-with-extended-crank-gear/202015646.html,Micro Innovations DST154 Tripod
Bower 724AFC Flash for Canon,http://www.amazon.com/Bower-724-AFC-Flash-Canon-Rebel/dp/B000H8574E/ref=cm_cr_pr_product_top,Bower 724AFC Flash for Canon
iShoot Speedlite SP-660 Flash for Canon/Nikon,http://www.photoloving.com/gbu0-prodshow/SP660.html,iShoot Speedlite SP-660 Flash for Canon/Nikon
Philips P536G Flash,http://www.foto-sandor.de/philips-p536g-thyristor-computer-ls-blitzgeraet-defekt/foto-zubehoer/fuer-bastler/a-2173/,Philips P536G Flash
Starblitz 2400DF Shoe Mount Flash,http://www.toutcash.com/produit3.jsp?ProdId=1680503,Starblitz 2400DF Shoe Mount Flash
Hama 4021 Tripod,http://www.fixya.com/support/p14509-hama_4021_tripod,Hama 4021 Tripod
Sunpak Auto 121 Shoe Mount Flash,http://hk.ebid.net/for-sale/flash-unit-sunpak-auto-34108069.htm,Sunpak Auto 121 Shoe Mount Flash
Cisco CAG-AT2-RF Router,http://www.codemicro.com/store/product/Cisco-CAGAT2RF-Refurbished.php,Cisco CAG-AT2-RF Router
Efficient Networks SpeedStream 2601 100 Mbps 1-Port 10/100 Wired Router (161-2601-001),http://www.buy.com/prod/efficient-networks-speedstream-2601-gateway-external-en-fast-en/10313907.html,Efficient Networks SpeedStream 2601 100 Mbps 1-Port 10/100 Wired Router (161-2601-001)
Alcatel Access Point 450 408288090 Router,http://www.dealtime.com/Lucent-Access-Point-450-408288090/info?tab=specs,Alcatel Access Point 450 408288090 Router
Asante 99-00618-71 Router,http://www.tradeloop.com/computer_parts/detail/?k=99-00618-71,Asante 99-00618-71 4-Port Router
Alcatel Pipeline 220 300078789 Router,http://www.dealtime.com/Lucent-Pipeline-220-300078789/info?tab=specs,Alcatel Pipeline 220 300078789 Router
Nortel Networks AG2104040 Wired Router,http://www.cdw.ca/shop/products/Nortel-Networks-Router/595745.aspx; http://beta.studentdoctor.net/bookstore/shop.php?c=computer&n=541966&i=B00004ZARF&x=Nortel_OCTAL_PORT_SYNC_FRE2_060_64MB_AG2104040_,Nortel Networks AG2104040 Wired Router
3Com OfficeConnect NETBuilder 112 IP/IPX/AT Wired Router (3CR8812A93-US),http://www.tradeloop.com/computer_parts/detail/?k=3CR8812A93-US,3Com OfficeConnect NETBuilder 112 IP/IPX/AT Wired Router (3CR8812A93-US)
Alcatel Access Point 450 408287977 Router,http://www.dealtime.com/Lucent-Access-Point-450-408287977/info?tab=specs,Alcatel Access Point 450 408287977 Router (408287977)
ZyXEL Prestige 681 3-Port Wired Router (AM407200),http://www.fixya.com/support/p225152-zyxel_prestige_681_router_am407200,ZyXEL Prestige 681 3-Port Wired Router (AM407200)
MPI Tech 983103-X00 Router,http://www.dealtime.com/I-Data-983103-X00/info?tab=specs,MPI Tech 983103-X00 Router
3Com SuperStack II NETBuilder SI 442 U IP/IPX/AT w/ 3DES Router (3CR844293-AA),http://www.sabob.com/products/3Com_SuperStack_II_NETBuilder_SI_442_IP_IPX_AT_3DES_Router_ISDN.html,3Com SuperStack II NETBuilder SI 442 U IP/IPX/AT w/ 3DES Router (3CR844293-AA)
Nortel Networks Nautica Clam 842 Router (DA3501E02),http://www.cdwg.com/shop/products/NORTEL-CLAM-842-WAN-ROUTER-V.24-INRF/142536.aspx,Nortel Networks Nautica Clam 842 Router (DA3501E02)
3Com OfficeConnect NETBuilder 117 Router (3C8817A-US),http://www.reviewgist.com/specs/3com-officeconnect-netbuilder-3c8817a-us,3Com OfficeConnect NETBuilder 117 Router (3C8817A-US)
Lucent CellPipe 50A 2-Port 10/100 Wired Router (DSL-CELL-50A),http://www.dealtime.com/Lucent-CellPipe-50A-DSL-CELL-50A/info?tab=specs,Lucent CellPipe 50A 2-Port 10/100 Wired Router (DSL-CELL-50A)
Enterasys SmartSwitch 130 3-Port Wired Router (SSR130-PRM),http://reviews.cnet.com/routers/ssr130-with-firewall-l2tp/1707-3319_7-1609833.html,Enterasys SmartSwitch 130 3-Port Wired Router (SSR130-PRM)
Nortel Networks ATM Routing Engine Wired Router (AG1311010),http://reviews.cnet.com/routers/nortel-atm-routing-engine/1707-3319_7-30460051.html,Nortel Networks ATM Routing Engine Wired Router (AG1311010)
Compaq Refurbihsed Mc3810Bvm4Nt Router (MC3810BVM4NTTERF),http://www.xpbargains.com/xpricer.php/product_reviews__pid--MC3810BVM4NTTERF.htm,Compaq Refurbihsed Mc3810Bvm4Nt Router (MC3810BVM4NTTERF)
3Com OfficeConnect NETBuilder 145 S/T QS VPN Router (3CR884591),http://www.dealtime.co.uk/3com-officeconnect-netbuilder-145-s-t-qs-vpn-router-3cr884591/info?tab=specs,3Com OfficeConnect NETBuilder 145 S/T QS VPN Router (3CR884591)
Monster Cable Products BR6004W-G 11 Mbps 5-Port Wireless G Router (BR-6004W-G),http://www.fixya.com/support/p160716-monster_cable_br6004w_g_wireless_router,Monster Cable Products BR6004W-G 11 Mbps 5-Port Wireless G Router (BR-6004W-G)
Nortel Networks CQ1001099 Router,http://www.dealtime.com/Nortel-CQ1001099/info?tab=specs,Nortel Networks CQ1001099 Router
Compaq Refurbished 15808 Router (15808OPACRF),http://www.xpbargains.com/xpricer.php/product_reviews__pid--15808OPACRF.htm,Compaq Refurbished 15808 Router (15808OPACRF)
ZyXEL Prestige 100 1-Port Wired Router (AM403100),http://www.compucover.com/new_index.cfm?do=DCMDustCoverResult&Width=10.2&height=1.5&depth=7.5&Optvalue2=%20Four%20Sided%20Box&OptName1=Material&OptName2=Style&CategoryId2=Bridge%20and%20Router&productId=153176&category=Bridge%20and%20Router&mfgName=ZyXEL%20Prestige%20100%20-%20router,ZyXEL Prestige 100 1-Port Wired Router (AM403100)
Cisco Refurbished Rxt-10G Router (RXT-10G-M-RF),http://www.codemicro.com/store/product/Cisco-RXT10GMRF-Refurbished.php,Cisco Refurbished Rxt-10G Router (RXT-10G-M-RF)
Best Data Products Smart One DSL800EU 4-Port Wired Router (DSL800EU),http://www.fixya.com/support/p301217-best_data_products_smart_one_dsl800eu,Best Data Products Smart One DSL800EU 4-Port Wired Router (DSL800EU)
Adtran 1180433L2 Router,http://www.shopping.com/Adtran-TA-1500-DUAL-COIN-RT/info,Adtran 1180433L2 Router
Alcatel CellPipe IAD 4S 4-Port 10/100 Wired Router (300275617),http://www.dealtime.com/Lucent-CellPipe-IAD-4S-300275617/info?tab=specs,Alcatel CellPipe IAD 4S 4-Port 10/100 Wired Router (300275617)
Nortel Networks NTMH45AA Router,http://www.cdw.com/shop/products/NORTEL-INTEGRATION-RTR-MOD-F-R/240962.aspx,Nortel Networks NTMH45AA Router
Olicom 34121821 Router,http://www.fixya.com/support/p202278-olicom_34121821_router,Olicom 34121821 Router
Edimax BR-6104P 4-Port 10/100 Wired Router,http://www.edimax.at/html/english/products/BR-6104P.htm,Edimax BR-6104P 4-Port 10/100 Wired Router
Compaq Refurbished 15808-Dcn Router (15808DCN0350CRF),http://www.xpbargains.com/xpricer.php/product_reviews__pid--15808DCN0350CRF.htm,Compaq Refurbished 15808-Dcn Router (15808DCN0350CRF)
NetGear DC201 Router,http://www.shopping.com/Monster-Cable-NEW-DC201-10PACK-ADSL-CABLE-BROADBAND-ROUTER-10-PACKOFFER-Item/info,NetGear DC201 Router
Cisco 7507 Router (CISCO7507-CH),http://www.isptrader.com/network-hardware/cisco/cisco7507-ch/cisco-7507-7-slot-2-cybus#tab-prod-desc,Cisco 7507 Router (CISCO7507-CH)
Nortel Networks CQ1001098 Router,http://www.dealtime.com/Nortel-CQ1001098/info?tab=specs,Nortel Networks CQ1001098 Router
Compaq Digital DECswitch 900ET Router (DETER-ZA),http://www.codemicro.com/store/product/Dec-DETERZA-New.php,Compaq Digital DECswitch 900ET Router (DETER-ZA)
Cisco Refurbished Oc12/Srp-Mm-Scb Router,http://www.brokerbin.com/resellers/network/CISCO/OC12SRPMMSCBRF.html,Cisco Refurbished Oc12/Srp-Mm-Scb Router (OC12/SRP-MM-SCB-RF)
Alcatel Access Point 450 408287969 Router,http://www.routeripaddress.com/routers/7065/lucent-access-point-450-408287969-.html,Alcatel Access Point 450 408287969 Router
Compaq Refurbished Ap531 Router (AP531RF),http://www.tamayatech.com/parts.php?g=AP531RF,Compaq Refurbished Ap531 Router (AP531RF)
Cisco 4500-M Router (CISCO4500-RPS-M),http://reviews.cnet.com/routers/cisco-4500-m-modular/1707-3319_7-409654.html,Cisco 4500-M Wired Router (CISCO4500-RPS-M)
3Com SuperStack II NETBuilder SI 547 Router (3C8547),http://www.mtmnet.com/3C8547.htm#Specifications; http://www.compuzoom.com/NETWORKING/3COM-NETWORKING/3COM-3C8547-SSII-NETBUILDER-SI-547-S-T-4-WAN-ROUTER.html,3Com SuperStack II NETBuilder SI 547 6-Port 10/100 Router (3C8547)
Adtran 1200786L1 Router,http://www.dealtime.com/Adtran-NETVANTA-950-IAD-AC-CHASSIS/info?tab=specs,Adtran 1200786L1 Router
Alcatel Access Point 300 300352226 Router,http://alcatel-lucent.industrialpartner.com/products-3/300352226.htm,Alcatel Access Point 300 300352226 Router (300352226)
Enterasys Riverstone RS 16000 4-Port Gigabit Wired Router (R16-CHS),http://www.fixya.com/support/p273680-enterasys_riverstone_rs_16000_r16_chs,Enterasys Riverstone RS 16000 4-Port Gigabit Wired Router (R16-CHS)
Compaq Refurbished Ws-X6648A Router (WSX6648APWRRF),http://www.codemicro.com/store/product/Cisco-WSX6648APWRRF-Refurbished.php,Compaq Refurbished Ws-X6648A Router (WSX6648APWRRF)
Amvona AT9903 Tripod,http://www.shopping.com/AT-9903-Pro-Video-Tripod-by-DynaTran/info,Amvona AT9903 Tripod
