Task ID,Client,Campaign,Channel,Tier: Order,Title,Direction,Resource Link 1,Resource Link 2,Resource Link 3,Desired Placement,Anchor Text
,,,,,hipmunk hotels south,"These 500-word Hipmunk Hotel articles should include all 5 destination links in 5 separate grafs about each destination. Hipmunk would like if we discussed hotels in each section; HOWEVER, only one or two of those hotel mentions need refer back to Hipmunk's site. Also, I've titled these only with the name of the region you'll be writing about. Please title these with the ""Hipmunk Hotels: TKTKTK in CITYNAMES"" format found in the assignment directions and the style guide. Otherwise, this is standard Hipmunk blog work: let me know if you have any questions!",https://www.hipmunk.com/Hotels-in-Daytona-Beach-FL,https://www.hipmunk.com/Hotels-in-Irving-TX,https://www.hipmunk.com/Hotels-in-Wilmington-NC,https://www.hipmunk.com/Hotels-in-Huntsville-AL,https://www.hipmunk.com/Hotels-in-Laredo-TX
,,,,,hipmunk hotels west,"These 500-word Hipmunk Hotel articles should include all 5 destination links in 5 separate grafs about each destination. Hipmunk would like if we discussed hotels in each section; HOWEVER, only one or two of those hotel mentions need refer back to Hipmunk's site. Also, I've titled these only with the name of the region you'll be writing about. Please title these with the ""Hipmunk Hotels: TKTKTK in CITYNAMES"" format found in the assignment directions and the style guide. Otherwise, this is standard Hipmunk blog work: let me know if you have any questions!",https://www.hipmunk.com/Hotels-in-West-Hollywood-CA,https://www.hipmunk.com/Hotels-in-Escondido-CA,https://www.hipmunk.com/Hotels-in-Marina-Del-Rey-CA,https://www.hipmunk.com/Hotels-in-Grand-Canyon-AZ,https://www.hipmunk.com/Hotels-in-Orange-CA
,,,,,hipmunk hotels california,"These 500-word Hipmunk Hotel articles should include all 5 destination links in 5 separate grafs about each destination. Hipmunk would like if we discussed hotels in each section; HOWEVER, only one or two of those hotel mentions need refer back to Hipmunk's site. Also, I've titled these only with the name of the region you'll be writing about. Please title these with the ""Hipmunk Hotels: TKTKTK in CITYNAMES"" format found in the assignment directions and the style guide. Otherwise, this is standard Hipmunk blog work: let me know if you have any questions!",https://www.hipmunk.com/Hotels-in-Monterey-CA,https://www.hipmunk.com/Hotels-in-San-Luis-Obispo-CA,https://www.hipmunk.com/Hotels-in-Carlsbad-CA,https://www.hipmunk.com/Hotels-in-Costa-Mesa-CA,https://www.hipmunk.com/Hotels-in-West-Hollywood-CA
,,,,,hipmunk hotels pacfic,"These 500-word Hipmunk Hotel articles should include all 5 destination links in 5 separate grafs about each destination. Hipmunk would like if we discussed hotels in each section; HOWEVER, only one or two of those hotel mentions need refer back to Hipmunk's site. Also, I've titled these only with the name of the region you'll be writing about. Please title these with the ""Hipmunk Hotels: TKTKTK in CITYNAMES"" format found in the assignment directions and the style guide. Otherwise, this is standard Hipmunk blog work: let me know if you have any questions!",https://www.hipmunk.com/Hotels-in-Waikoloa-HI,https://www.hipmunk.com/Hotels-in-Wailea-Maui-HI,https://www.hipmunk.com/Hotels-in-Kailua-Kona-HI,https://www.hipmunk.com/Hotels-in-Napa-CA,https://www.hipmunk.com/Hotels-in-Concord-CA
,,,,,hipmunk hotels virginia,"These 500-word Hipmunk Hotel articles should include all 5 destination links in 5 separate grafs about each destination. Hipmunk would like if we discussed hotels in each section; HOWEVER, only one or two of those hotel mentions need refer back to Hipmunk's site. Also, I've titled these only with the name of the region you'll be writing about. Please title these with the ""Hipmunk Hotels: TKTKTK in CITYNAMES"" format found in the assignment directions and the style guide. Otherwise, this is standard Hipmunk blog work: let me know if you have any questions!",https://www.hipmunk.com/Hotels-in-Newport-News-VA,https://www.hipmunk.com/Hotels-in-Virginia-Beach-VA,https://www.hipmunk.com/Hotels-in-Richmond-VA,https://www.hipmunk.com/Hotels-in-Sterling-VA,https://www.hipmunk.com/Hotels-in-Norfolk-VA
,,,,,hipmunk hotels deep south,"These 500-word Hipmunk Hotel articles should include all 5 destination links in 5 separate grafs about each destination. Hipmunk would like if we discussed hotels in each section; HOWEVER, only one or two of those hotel mentions need refer back to Hipmunk's site. Also, I've titled these only with the name of the region you'll be writing about. Please title these with the ""Hipmunk Hotels: TKTKTK in CITYNAMES"" format found in the assignment directions and the style guide. Otherwise, this is standard Hipmunk blog work: let me know if you have any questions!",https://www.hipmunk.com/Hotels-in-Newport-News-VA,https://www.hipmunk.com/Hotels-in-Norfolk-VA,https://www.hipmunk.com/Hotels-in-El-Paso-TX,https://www.hipmunk.com/Hotels-in-West-Palm-Beach-FL,https://www.hipmunk.com/Hotels-in-Laredo-TX
,,,,,hipmunk hotels midwest,"These 500-word Hipmunk Hotel articles should include all 5 destination links in 5 separate grafs about each destination. Hipmunk would like if we discussed hotels in each section; HOWEVER, only one or two of those hotel mentions need refer back to Hipmunk's site. Also, I've titled these only with the name of the region you'll be writing about. Please title these with the ""Hipmunk Hotels: TKTKTK in CITYNAMES"" format found in the assignment directions and the style guide. Otherwise, this is standard Hipmunk blog work: let me know if you have any questions!",https://www.hipmunk.com/Hotels-in-Lincoln-NE,https://www.hipmunk.com/Hotels-in-Madison-WI,https://www.hipmunk.com/Hotels-in-Branson-MO,https://www.hipmunk.com/Hotels-in-Peoria-IL,https://www.hipmunk.com/Hotels-in-Springfield-MO
,,,,,hipmunk hotels northeast,"These 500-word Hipmunk Hotel articles should include all 5 destination links in 5 separate grafs about each destination. Hipmunk would like if we discussed hotels in each section; HOWEVER, only one or two of those hotel mentions need refer back to Hipmunk's site. Also, I've titled these only with the name of the region you'll be writing about. Please title these with the ""Hipmunk Hotels: TKTKTK in CITYNAMES"" format found in the assignment directions and the style guide. Otherwise, this is standard Hipmunk blog work: let me know if you have any questions!",https://www.hipmunk.com/Hotels-in-Rochester-NY,https://www.hipmunk.com/Hotels-in-Providence-RI,https://www.hipmunk.com/Hotels-in-Long-Island-City-NY,https://www.hipmunk.com/Hotels-in-Burlington-VT,https://www.hipmunk.com/Hotels-in-Pittsburgh-PA
,,,,,hipmunk hotels new england,"These 500-word Hipmunk Hotel articles should include all 5 destination links in 5 separate grafs about each destination. Hipmunk would like if we discussed hotels in each section; HOWEVER, only one or two of those hotel mentions need refer back to Hipmunk's site. Also, I've titled these only with the name of the region you'll be writing about. Please title these with the ""Hipmunk Hotels: TKTKTK in CITYNAMES"" format found in the assignment directions and the style guide. Otherwise, this is standard Hipmunk blog work: let me know if you have any questions!",https://www.hipmunk.com/Hotels-in-East-Elmhurst-NY,https://www.hipmunk.com/Hotels-in-Long-Island-City-NY,https://www.hipmunk.com/Hotels-in-Rochester-NY,https://www.hipmunk.com/Hotels-in-Brooklyn-NY,https://www.hipmunk.com/Hotels-in-Braintree-MA
,,,,,hipmunk hotels mountain states,"These 500-word Hipmunk Hotel articles should include all 5 destination links in 5 separate grafs about each destination. Hipmunk would like if we discussed hotels in each section; HOWEVER, only one or two of those hotel mentions need refer back to Hipmunk's site. Also, I've titled these only with the name of the region you'll be writing about. Please title these with the ""Hipmunk Hotels: TKTKTK in CITYNAMES"" format found in the assignment directions and the style guide. Otherwise, this is standard Hipmunk blog work: let me know if you have any questions!",https://www.hipmunk.com/Hotels-in-Sedona-AZ,https://www.hipmunk.com/Hotels-in-Boulder-CO,https://www.hipmunk.com/Hotels-in-Colorado-Springs-CO,https://www.hipmunk.com/Hotels-in-Aspen-CO,https://www.hipmunk.com/Hotels-in-Reno-NV
,,,,,hipmunk hotels pnw,"These 500-word Hipmunk Hotel articles should include all 5 destination links in 5 separate grafs about each destination. Hipmunk would like if we discussed hotels in each section; HOWEVER, only one or two of those hotel mentions need refer back to Hipmunk's site. Also, I've titled these only with the name of the region you'll be writing about. Please title these with the ""Hipmunk Hotels: TKTKTK in CITYNAMES"" format found in the assignment directions and the style guide. Otherwise, this is standard Hipmunk blog work: let me know if you have any questions!",https://www.hipmunk.com/Hotels-in-Sea-Tac-WA,https://www.hipmunk.com/Hotels-in-Salem-OR,https://www.hipmunk.com/Hotels-in-Tacoma-WA,https://www.hipmunk.com/Hotels-in-Bend-OR,https://www.hipmunk.com/Hotels-in-Spokane-WA
,,,,,hipmunk hotels deep south,"These 500-word Hipmunk Hotel articles should include all 5 destination links in 5 separate grafs about each destination. Hipmunk would like if we discussed hotels in each section; HOWEVER, only one or two of those hotel mentions need refer back to Hipmunk's site. Also, I've titled these only with the name of the region you'll be writing about. Please title these with the ""Hipmunk Hotels: TKTKTK in CITYNAMES"" format found in the assignment directions and the style guide. Otherwise, this is standard Hipmunk blog work: let me know if you have any questions!",https://www.hipmunk.com/Hotels-in-Morgantown-WV,https://www.hipmunk.com/Hotels-in-Hilton-Head-Island-SC,https://www.hipmunk.com/Hotels-in-Columbia-SC,https://www.hipmunk.com/Hotels-in-Biloxi-MS,https://www.hipmunk.com/Hotels-in-Tallahassee-FL
,,,,,hipmunk hotels the carolinas ,"These 500-word Hipmunk Hotel articles should include all 5 destination links in 5 separate grafs about each destination. Hipmunk would like if we discussed hotels in each section; HOWEVER, only one or two of those hotel mentions need refer back to Hipmunk's site. Also, I've titled these only with the name of the region you'll be writing about. Please title these with the ""Hipmunk Hotels: TKTKTK in CITYNAMES"" format found in the assignment directions and the style guide. Otherwise, this is standard Hipmunk blog work: let me know if you have any questions!",https://www.hipmunk.com/Hotels-in-Hilton-Head-Island-SC,https://www.hipmunk.com/Hotels-in-Columbia-SC,https://www.hipmunk.com/Hotels-in-Charlotte-NC,https://www.hipmunk.com/Hotels-in-Wilmington-NC,https://www.hipmunk.com/Hotels-in-Raleigh-NC
,,,,,hipmunk hotels florida,"These 500-word Hipmunk Hotel articles should include all 5 destination links in 5 separate grafs about each destination. Hipmunk would like if we discussed hotels in each section; HOWEVER, only one or two of those hotel mentions need refer back to Hipmunk's site. Also, I've titled these only with the name of the region you'll be writing about. Please title these with the ""Hipmunk Hotels: TKTKTK in CITYNAMES"" format found in the assignment directions and the style guide. Otherwise, this is standard Hipmunk blog work: let me know if you have any questions!",https://www.hipmunk.com/Hotels-in-Gainesville-FL,https://www.hipmunk.com/Hotels-in-Sarasota-FL,https://www.hipmunk.com/Hotels-in-Sanibel-FL,https://www.hipmunk.com/Hotels-in-Jacksonville-FL,https://www.hipmunk.com/Hotels-in-Fort-Myers-FL
,,,,,hipmunk hotels midwest,"These 500-word Hipmunk Hotel articles should include all 5 destination links in 5 separate grafs about each destination. Hipmunk would like if we discussed hotels in each section; HOWEVER, only one or two of those hotel mentions need refer back to Hipmunk's site. Also, I've titled these only with the name of the region you'll be writing about. Please title these with the ""Hipmunk Hotels: TKTKTK in CITYNAMES"" format found in the assignment directions and the style guide. Otherwise, this is standard Hipmunk blog work: let me know if you have any questions!",https://www.hipmunk.com/Hotels-in-Des-Moines-IA,https://www.hipmunk.com/Hotels-in-Champaign-IL,https://www.hipmunk.com/Hotels-in-Indianapolis-IN,https://www.hipmunk.com/Hotels-in-Kansas-City-MOhttps://www.hipmunk.com/Hotels-in-Bloomington-MN,
,,,,,hipmunk hotels midwest,"These 500-word Hipmunk Hotel articles should include all 5 destination links in 5 separate grafs about each destination. Hipmunk would like if we discussed hotels in each section; HOWEVER, only one or two of those hotel mentions need refer back to Hipmunk's site. Also, I've titled these only with the name of the region you'll be writing about. Please title these with the ""Hipmunk Hotels: TKTKTK in CITYNAMES"" format found in the assignment directions and the style guide. Otherwise, this is standard Hipmunk blog work: let me know if you have any questions!",https://www.hipmunk.com/Hotels-in-Traverse-City-MI,https://www.hipmunk.com/Hotels-in-Springfield-MO,https://www.hipmunk.com/Hotels-in-Akron-OH,https://www.hipmunk.com/Hotels-in-Cincinnati-OH,https://www.hipmunk.com/Hotels-in-Minneapolis-MN
,,,,,hipmunk hotels NY,"These 500-word Hipmunk Hotel articles should include all 5 destination links in 5 separate grafs about each destination. Hipmunk would like if we discussed hotels in each section; HOWEVER, only one or two of those hotel mentions need refer back to Hipmunk's site. Also, I've titled these only with the name of the region you'll be writing about. Please title these with the ""Hipmunk Hotels: TKTKTK in CITYNAMES"" format found in the assignment directions and the style guide. Otherwise, this is standard Hipmunk blog work: let me know if you have any questions!",https://www.hipmunk.com/Hotels-in-Brooklyn-NY,https://www.hipmunk.com/Hotels-in-Rochester-NY,https://www.hipmunk.com/Hotels-in-East-Elmhurst-NY,https://www.hipmunk.com/Hotels-in-Long-Island-City-NY,x
,,,,,hipmunk hotels california,"These 500-word Hipmunk Hotel articles should include all 5 destination links in 5 separate grafs about each destination. Hipmunk would like if we discussed hotels in each section; HOWEVER, only one or two of those hotel mentions need refer back to Hipmunk's site. Also, I've titled these only with the name of the region you'll be writing about. Please title these with the ""Hipmunk Hotels: TKTKTK in CITYNAMES"" format found in the assignment directions and the style guide. Otherwise, this is standard Hipmunk blog work: let me know if you have any questions!",https://www.hipmunk.com/Hotels-in-San-Luis-Obispo-CA,https://www.hipmunk.com/Hotels-in-Santa-Cruz-CA,https://www.hipmunk.com/Hotels-in-Riverside-CA,https://www.hipmunk.com/Hotels-in-Palm-Springs-CA,https://www.hipmunk.com/Hotels-in-Monterey-CA
,,,,,hipmunk hotels mountain states,"These 500-word Hipmunk Hotel articles should include all 5 destination links in 5 separate grafs about each destination. Hipmunk would like if we discussed hotels in each section; HOWEVER, only one or two of those hotel mentions need refer back to Hipmunk's site. Also, I've titled these only with the name of the region you'll be writing about. Please title these with the ""Hipmunk Hotels: TKTKTK in CITYNAMES"" format found in the assignment directions and the style guide. Otherwise, this is standard Hipmunk blog work: let me know if you have any questions!",https://www.hipmunk.com/Hotels-in-Santa-Fe-NM,https://www.hipmunk.com/Hotels-in-Albuquerque-NM,https://www.hipmunk.com/Hotels-in-Laughlin-NV,https://www.hipmunk.com/Hotels-in-Henderson-NV,https://www.hipmunk.com/Hotels-in-Fort-Collins-CO
,,,,,hipmunk hotels nevada,"These 500-word Hipmunk Hotel articles should include all 5 destination links in 5 separate grafs about each destination. Hipmunk would like if we discussed hotels in each section; HOWEVER, only one or two of those hotel mentions need refer back to Hipmunk's site. Also, I've titled these only with the name of the region you'll be writing about. Please title these with the ""Hipmunk Hotels: TKTKTK in CITYNAMES"" format found in the assignment directions and the style guide. Otherwise, this is standard Hipmunk blog work: let me know if you have any questions!",https://www.hipmunk.com/Hotels-in-Stateline-NV,https://www.hipmunk.com/Hotels-in-Reno-NV,https://www.hipmunk.com/Hotels-in-Laughlin-NV,https://www.hipmunk.com/Hotels-in-Henderson-NV,x
,,,,,hipmunk hotels arizona,"These 500-word Hipmunk Hotel articles should include all 5 destination links in 5 separate grafs about each destination. Hipmunk would like if we discussed hotels in each section; HOWEVER, only one or two of those hotel mentions need refer back to Hipmunk's site. Also, I've titled these only with the name of the region you'll be writing about. Please title these with the ""Hipmunk Hotels: TKTKTK in CITYNAMES"" format found in the assignment directions and the style guide. Otherwise, this is standard Hipmunk blog work: let me know if you have any questions!",https://www.hipmunk.com/Hotels-in-Sedona-AZ,https://www.hipmunk.com/Hotels-in-Page-AZ,,https://www.hipmunk.com/Hotels-in-Yuma-AZ,https://www.hipmunk.com/Hotels-in-Grand-Canyon-AZ
,,,,,hipmunk hotels mountain states,"These 500-word Hipmunk Hotel articles should include all 5 destination links in 5 separate grafs about each destination. Hipmunk would like if we discussed hotels in each section; HOWEVER, only one or two of those hotel mentions need refer back to Hipmunk's site. Also, I've titled these only with the name of the region you'll be writing about. Please title these with the ""Hipmunk Hotels: TKTKTK in CITYNAMES"" format found in the assignment directions and the style guide. Otherwise, this is standard Hipmunk blog work: let me know if you have any questions!",https://www.hipmunk.com/Hotels-in-Saint-George-UT,https://www.hipmunk.com/Hotels-in-Salt-Lake-City-UT,https://www.hipmunk.com/Hotels-in-Park-City-UT,https://www.hipmunk.com/Hotels-in-Breckenridge-CO,https://www.hipmunk.com/Hotels-in-Aspen-CO
,,,,,hipmunk hotels colorado,"These 500-word Hipmunk Hotel articles should include all 5 destination links in 5 separate grafs about each destination. Hipmunk would like if we discussed hotels in each section; HOWEVER, only one or two of those hotel mentions need refer back to Hipmunk's site. Also, I've titled these only with the name of the region you'll be writing about. Please title these with the ""Hipmunk Hotels: TKTKTK in CITYNAMES"" format found in the assignment directions and the style guide. Otherwise, this is standard Hipmunk blog work: let me know if you have any questions!",https://www.hipmunk.com/Hotels-in-Boulder-CO,https://www.hipmunk.com/Hotels-in-Colorado-Springs-CO,https://www.hipmunk.com/Hotels-in-Aspen-CO,https://www.hipmunk.com/Hotels-in-Breckenridge-CO,https://www.hipmunk.com/Hotels-in-Vail-CO
,,,,,hipmunk hotels georgia,"These 500-word Hipmunk Hotel articles should include all 5 destination links in 5 separate grafs about each destination. Hipmunk would like if we discussed hotels in each section; HOWEVER, only one or two of those hotel mentions need refer back to Hipmunk's site. Also, I've titled these only with the name of the region you'll be writing about. Please title these with the ""Hipmunk Hotels: TKTKTK in CITYNAMES"" format found in the assignment directions and the style guide. Otherwise, this is standard Hipmunk blog work: let me know if you have any questions!",https://www.hipmunk.com/Hotels-in-Norcross-GA,https://www.hipmunk.com/Hotels-in-Augusta-GA,https://www.hipmunk.com/Hotels-in-College-Park-GA,https://www.hipmunk.com/Hotels-in-Dunwoody-GA,x
,,,,,hipmunk hotels ohio,"These 500-word Hipmunk Hotel articles should include all 5 destination links in 5 separate grafs about each destination. Hipmunk would like if we discussed hotels in each section; HOWEVER, only one or two of those hotel mentions need refer back to Hipmunk's site. Also, I've titled these only with the name of the region you'll be writing about. Please title these with the ""Hipmunk Hotels: TKTKTK in CITYNAMES"" format found in the assignment directions and the style guide. Otherwise, this is standard Hipmunk blog work: let me know if you have any questions!",https://www.hipmunk.com/Hotels-in-Akron-OH,https://www.hipmunk.com/Hotels-in-Columbus-OH,https://www.hipmunk.com/Hotels-in-Cincinnati-OH,https://www.hipmunk.com/Hotels-in-Cleveland-OH,x
,,,,,hipmunk hotels midwest mountain states,"These 500-word Hipmunk Hotel articles should include all 5 destination links in 5 separate grafs about each destination. Hipmunk would like if we discussed hotels in each section; HOWEVER, only one or two of those hotel mentions need refer back to Hipmunk's site. Also, I've titled these only with the name of the region you'll be writing about. Please title these with the ""Hipmunk Hotels: TKTKTK in CITYNAMES"" format found in the assignment directions and the style guide. Otherwise, this is standard Hipmunk blog work: let me know if you have any questions!",https://www.hipmunk.com/Hotels-in-Billings-MT,https://www.hipmunk.com/Hotels-in-Saint-George-UT,https://www.hipmunk.com/Hotels-in-Salt-Lake-City-UT,https://www.hipmunk.com/Hotels-in-Park-City-UT,x
,,,,,hipmunk hotels midwest ,"These 500-word Hipmunk Hotel articles should include all 5 destination links in 5 separate grafs about each destination. Hipmunk would like if we discussed hotels in each section; HOWEVER, only one or two of those hotel mentions need refer back to Hipmunk's site. Also, I've titled these only with the name of the region you'll be writing about. Please title these with the ""Hipmunk Hotels: TKTKTK in CITYNAMES"" format found in the assignment directions and the style guide. Otherwise, this is standard Hipmunk blog work: let me know if you have any questions!",https://www.hipmunk.com/Hotels-in-Sioux-Falls-SD,https://www.hipmunk.com/Hotels-in-Omaha-NE,https://www.hipmunk.com/Hotels-in-Milwaukee-WI,https://www.hipmunk.com/Hotels-in-Bismarck-ND,https://www.hipmunk.com/Hotels-in-Springfield-MO
,,,,,hipmunk hotels northeast,"These 500-word Hipmunk Hotel articles should include all 5 destination links in 5 separate grafs about each destination. Hipmunk would like if we discussed hotels in each section; HOWEVER, only one or two of those hotel mentions need refer back to Hipmunk's site. Also, I've titled these only with the name of the region you'll be writing about. Please title these with the ""Hipmunk Hotels: TKTKTK in CITYNAMES"" format found in the assignment directions and the style guide. Otherwise, this is standard Hipmunk blog work: let me know if you have any questions!",https://www.hipmunk.com/Hotels-in-Brooklyn-NY,https://www.hipmunk.com/Hotels-in-Braintree-MA,https://www.hipmunk.com/Hotels-in-Rochester-NY,https://www.hipmunk.com/Hotels-in-Jersey-City-NJ,https://www.hipmunk.com/Hotels-in-Pittsburgh-PA
,,,,,hipmunk hotels pacific,"These 500-word Hipmunk Hotel articles should include all 5 destination links in 5 separate grafs about each destination. Hipmunk would like if we discussed hotels in each section; HOWEVER, only one or two of those hotel mentions need refer back to Hipmunk's site. Also, I've titled these only with the name of the region you'll be writing about. Please title these with the ""Hipmunk Hotels: TKTKTK in CITYNAMES"" format found in the assignment directions and the style guide. Otherwise, this is standard Hipmunk blog work: let me know if you have any questions!",https://www.hipmunk.com/Hotels-in-Waikoloa-HI,https://www.hipmunk.com/Hotels-in-Kailua-Kona-HI,https://www.hipmunk.com/Hotels-in-Monterey-CA,https://www.hipmunk.com/Hotels-in-Escondido-CA,https://www.hipmunk.com/Hotels-in-South-Lake-Tahoe-CA
,,,,,hipmunk hotels beaches,"These 500-word Hipmunk Hotel articles should include all 5 destination links in 5 separate grafs about each destination. Hipmunk would like if we discussed hotels in each section; HOWEVER, only one or two of those hotel mentions need refer back to Hipmunk's site. Also, I've titled these only with the name of the region you'll be writing about. Please title these with the ""Hipmunk Hotels: TKTKTK in CITYNAMES"" format found in the assignment directions and the style guide. Otherwise, this is standard Hipmunk blog work: let me know if you have any questions!",https://www.hipmunk.com/Hotels-in-Kapaa-HI,https://www.hipmunk.com/Hotels-in-Waikoloa-HI,https://www.hipmunk.com/Hotels-in-Wailea-Maui-HI,https://www.hipmunk.com/Hotels-in-Clearwater-Beach-FL,https://www.hipmunk.com/Hotels-in-West-Palm-Beach-FL
,,,,,hipmunk hotels hawaii,"These 500-word Hipmunk Hotel articles should include all 5 destination links in 5 separate grafs about each destination. Hipmunk would like if we discussed hotels in each section; HOWEVER, only one or two of those hotel mentions need refer back to Hipmunk's site. Also, I've titled these only with the name of the region you'll be writing about. Please title these with the ""Hipmunk Hotels: TKTKTK in CITYNAMES"" format found in the assignment directions and the style guide. Otherwise, this is standard Hipmunk blog work: let me know if you have any questions!",https://www.hipmunk.com/Hotels-in-Kailua-Kona-HI,https://www.hipmunk.com/Hotels-in-Wailea-Maui-HI,https://www.hipmunk.com/Hotels-in-Waikoloa-HI,https://www.hipmunk.com/Hotels-in-Kapaa-HI,x
,,,,,hipmunk hotels deserts,"These 500-word Hipmunk Hotel articles should include all 5 destination links in 5 separate grafs about each destination. Hipmunk would like if we discussed hotels in each section; HOWEVER, only one or two of those hotel mentions need refer back to Hipmunk's site. Also, I've titled these only with the name of the region you'll be writing about. Please title these with the ""Hipmunk Hotels: TKTKTK in CITYNAMES"" format found in the assignment directions and the style guide. Otherwise, this is standard Hipmunk blog work: let me know if you have any questions!",https://www.hipmunk.com/Hotels-in-Albuquerque-NM,https://www.hipmunk.com/Hotels-in-Grand-Canyon-AZ,https://www.hipmunk.com/Hotels-in-Phoenix-AZ,https://www.hipmunk.com/Hotels-in-Reno-NV,https://www.hipmunk.com/Hotels-in-Sedona-AZ
,,,,,hipmunk hotels west mountains,"These 500-word Hipmunk Hotel articles should include all 5 destination links in 5 separate grafs about each destination. Hipmunk would like if we discussed hotels in each section; HOWEVER, only one or two of those hotel mentions need refer back to Hipmunk's site. Also, I've titled these only with the name of the region you'll be writing about. Please title these with the ""Hipmunk Hotels: TKTKTK in CITYNAMES"" format found in the assignment directions and the style guide. Otherwise, this is standard Hipmunk blog work: let me know if you have any questions!",https://www.hipmunk.com/Hotels-in-Santa-Fe-NM,https://www.hipmunk.com/Hotels-in-Flagstaff-AZ,https://www.hipmunk.com/Hotels-in-Henderson-NV,https://www.hipmunk.com/Hotels-in-Laughlin-NV,https://www.hipmunk.com/Hotels-in-Boise-ID
,,,,,hipmunk hotels southwest,"These 500-word Hipmunk Hotel articles should include all 5 destination links in 5 separate grafs about each destination. Hipmunk would like if we discussed hotels in each section; HOWEVER, only one or two of those hotel mentions need refer back to Hipmunk's site. Also, I've titled these only with the name of the region you'll be writing about. Please title these with the ""Hipmunk Hotels: TKTKTK in CITYNAMES"" format found in the assignment directions and the style guide. Otherwise, this is standard Hipmunk blog work: let me know if you have any questions!",https://www.hipmunk.com/Hotels-in-South-Padre-Island-TX,https://www.hipmunk.com/Hotels-in-El-Paso-TX,https://www.hipmunk.com/Hotels-in-Yuma-AZ,https://www.hipmunk.com/Hotels-in-Page-AZ,https://www.hipmunk.com/Hotels-in-Santa-Fe-NM
,,,,,hipmunk hotels southeast,"These 500-word Hipmunk Hotel articles should include all 5 destination links in 5 separate grafs about each destination. Hipmunk would like if we discussed hotels in each section; HOWEVER, only one or two of those hotel mentions need refer back to Hipmunk's site. Also, I've titled these only with the name of the region you'll be writing about. Please title these with the ""Hipmunk Hotels: TKTKTK in CITYNAMES"" format found in the assignment directions and the style guide. Otherwise, this is standard Hipmunk blog work: let me know if you have any questions!",https://www.hipmunk.com/Hotels-in-Jacksonville-FL,https://www.hipmunk.com/Hotels-in-Sanibel-FL,https://www.hipmunk.com/Hotels-in-Norcross-GA,https://www.hipmunk.com/Hotels-in-Augusta-GA,https://www.hipmunk.com/Hotels-in-Richmond-VA
,,,,,hipmunk hotels south,"These 500-word Hipmunk Hotel articles should include all 5 destination links in 5 separate grafs about each destination. Hipmunk would like if we discussed hotels in each section; HOWEVER, only one or two of those hotel mentions need refer back to Hipmunk's site. Also, I've titled these only with the name of the region you'll be writing about. Please title these with the ""Hipmunk Hotels: TKTKTK in CITYNAMES"" format found in the assignment directions and the style guide. Otherwise, this is standard Hipmunk blog work: let me know if you have any questions!",https://www.hipmunk.com/Hotels-in-Baltimore-MD,https://www.hipmunk.com/Hotels-in-Annapolis-MD,https://www.hipmunk.com/Hotels-in-Ocean-City-MD,https://www.hipmunk.com/Hotels-in-Grand-Prairie-TX,https://www.hipmunk.com/Hotels-in-Corpus-Christi-TX
,,,,,hipmunk hotels texas,"These 500-word Hipmunk Hotel articles should include all 5 destination links in 5 separate grafs about each destination. Hipmunk would like if we discussed hotels in each section; HOWEVER, only one or two of those hotel mentions need refer back to Hipmunk's site. Also, I've titled these only with the name of the region you'll be writing about. Please title these with the ""Hipmunk Hotels: TKTKTK in CITYNAMES"" format found in the assignment directions and the style guide. Otherwise, this is standard Hipmunk blog work: let me know if you have any questions!",https://www.hipmunk.com/Hotels-in-Corpus-Christi-TX,https://www.hipmunk.com/Hotels-in-El-Paso-TX,https://www.hipmunk.com/Hotels-in-Corpus-Christi-TX,https://www.hipmunk.com/Hotels-in-Irving-TX,https://www.hipmunk.com/Hotels-in-South-Padre-Island-TX
,,,,,hipmunk hotels islands,"These 500-word Hipmunk Hotel articles should include all 5 destination links in 5 separate grafs about each destination. Hipmunk would like if we discussed hotels in each section; HOWEVER, only one or two of those hotel mentions need refer back to Hipmunk's site. Also, I've titled these only with the name of the region you'll be writing about. Please title these with the ""Hipmunk Hotels: TKTKTK in CITYNAMES"" format found in the assignment directions and the style guide. Otherwise, this is standard Hipmunk blog work: let me know if you have any questions!",https://www.hipmunk.com/Hotels-in-Kapaa-HI,https://www.hipmunk.com/Hotels-in-Wailea-Maui-HI,https://www.hipmunk.com/Hotels-in-Waikoloa-HI,https://www.hipmunk.com/Hotels-in-Bend-OR,https://www.hipmunk.com/Hotels-in-Sanibel-FL
,,,,,hipmunk hotels california,"These 500-word Hipmunk Hotel articles should include all 5 destination links in 5 separate grafs about each destination. Hipmunk would like if we discussed hotels in each section; HOWEVER, only one or two of those hotel mentions need refer back to Hipmunk's site. Also, I've titled these only with the name of the region you'll be writing about. Please title these with the ""Hipmunk Hotels: TKTKTK in CITYNAMES"" format found in the assignment directions and the style guide. Otherwise, this is standard Hipmunk blog work: let me know if you have any questions!",https://www.hipmunk.com/Hotels-in-Torrance-CA,https://www.hipmunk.com/Hotels-in-South-Lake-Tahoe-CA,https://www.hipmunk.com/Hotels-in-Glendale-CA,https://www.hipmunk.com/Hotels-in-Sonoma-CA,https://www.hipmunk.com/Hotels-in-Santa-Ana-CA
,,,,,hipmunk hotels midwest,"These 500-word Hipmunk Hotel articles should include all 5 destination links in 5 separate grafs about each destination. Hipmunk would like if we discussed hotels in each section; HOWEVER, only one or two of those hotel mentions need refer back to Hipmunk's site. Also, I've titled these only with the name of the region you'll be writing about. Please title these with the ""Hipmunk Hotels: TKTKTK in CITYNAMES"" format found in the assignment directions and the style guide. Otherwise, this is standard Hipmunk blog work: let me know if you have any questions!",https://www.hipmunk.com/Hotels-in-Rosemont-IL,https://www.hipmunk.com/Hotels-in-Peoria-IL,https://www.hipmunk.com/Hotels-in-Cleveland-OH,https://www.hipmunk.com/Hotels-in-Rockford-IL,https://www.hipmunk.com/Hotels-in-Grand-Rapids-MI
,,,,,hipmunk hotels pacific,"These 500-word Hipmunk Hotel articles should include all 5 destination links in 5 separate grafs about each destination. Hipmunk would like if we discussed hotels in each section; HOWEVER, only one or two of those hotel mentions need refer back to Hipmunk's site. Also, I've titled these only with the name of the region you'll be writing about. Please title these with the ""Hipmunk Hotels: TKTKTK in CITYNAMES"" format found in the assignment directions and the style guide. Otherwise, this is standard Hipmunk blog work: let me know if you have any questions!",https://www.hipmunk.com/Hotels-in-Redding-CA,https://www.hipmunk.com/Hotels-in-Roseville-CA,https://www.hipmunk.com/Hotels-in-San-Mateo-CA,https://www.hipmunk.com/Hotels-in-Ontario-CA,https://www.hipmunk.com/Hotels-in-Pasadena-CA
,,,,,hipmunk hotels california,"These 500-word Hipmunk Hotel articles should include all 5 destination links in 5 separate grafs about each destination. Hipmunk would like if we discussed hotels in each section; HOWEVER, only one or two of those hotel mentions need refer back to Hipmunk's site. Also, I've titled these only with the name of the region you'll be writing about. Please title these with the ""Hipmunk Hotels: TKTKTK in CITYNAMES"" format found in the assignment directions and the style guide. Otherwise, this is standard Hipmunk blog work: let me know if you have any questions!",https://www.hipmunk.com/Hotels-in-South-San-Francisco-CA,https://www.hipmunk.com/Hotels-in-Universal-City-CA,https://www.hipmunk.com/Hotels-in-Oakland-CA,https://www.hipmunk.com/Hotels-in-Sacramento-CA,https://www.hipmunk.com/Hotels-in-Santa-Ana-CA
,,,,,hipmunk hotels mountain states,"These 500-word Hipmunk Hotel articles should include all 5 destination links in 5 separate grafs about each destination. Hipmunk would like if we discussed hotels in each section; HOWEVER, only one or two of those hotel mentions need refer back to Hipmunk's site. Also, I've titled these only with the name of the region you'll be writing about. Please title these with the ""Hipmunk Hotels: TKTKTK in CITYNAMES"" format found in the assignment directions and the style guide. Otherwise, this is standard Hipmunk blog work: let me know if you have any questions!",https://www.hipmunk.com/Hotels-in-Boise-ID,https://www.hipmunk.com/Hotels-in-Laughlin-NV,https://www.hipmunk.com/Hotels-in-Henderson-NV,https://www.hipmunk.com/Hotels-in-Flagstaff-AZ,https://www.hipmunk.com/Hotels-in-Santa-Fe-NM
,,,,,hipmunk hotels deep south,"These 500-word Hipmunk Hotel articles should include all 5 destination links in 5 separate grafs about each destination. Hipmunk would like if we discussed hotels in each section; HOWEVER, only one or two of those hotel mentions need refer back to Hipmunk's site. Also, I've titled these only with the name of the region you'll be writing about. Please title these with the ""Hipmunk Hotels: TKTKTK in CITYNAMES"" format found in the assignment directions and the style guide. Otherwise, this is standard Hipmunk blog work: let me know if you have any questions!",https://www.hipmunk.com/Hotels-in-Sanibel-FL,https://www.hipmunk.com/Hotels-in-Jacksonville-FL,https://www.hipmunk.com/Hotels-in-College-Park-GA,https://www.hipmunk.com/Hotels-in-Charleston-SC,https://www.hipmunk.com/Hotels-in-Mcallen-TX
,,,,,hipmunk hotels texas,"These 500-word Hipmunk Hotel articles should include all 5 destination links in 5 separate grafs about each destination. Hipmunk would like if we discussed hotels in each section; HOWEVER, only one or two of those hotel mentions need refer back to Hipmunk's site. Also, I've titled these only with the name of the region you'll be writing about. Please title these with the ""Hipmunk Hotels: TKTKTK in CITYNAMES"" format found in the assignment directions and the style guide. Otherwise, this is standard Hipmunk blog work: let me know if you have any questions!",https://www.hipmunk.com/Hotels-in-Corpus-Christi-TX,https://www.hipmunk.com/Hotels-in-Grand-Prairie-TX,https://www.hipmunk.com/Hotels-in-Irving-TX,https://www.hipmunk.com/Hotels-in-Laredo-TX,https://www.hipmunk.com/Hotels-in-Galveston-TX
,,,,,hipmunk hotels florida,"These 500-word Hipmunk Hotel articles should include all 5 destination links in 5 separate grafs about each destination. Hipmunk would like if we discussed hotels in each section; HOWEVER, only one or two of those hotel mentions need refer back to Hipmunk's site. Also, I've titled these only with the name of the region you'll be writing about. Please title these with the ""Hipmunk Hotels: TKTKTK in CITYNAMES"" format found in the assignment directions and the style guide. Otherwise, this is standard Hipmunk blog work: let me know if you have any questions!",https://www.hipmunk.com/Hotels-in-Pensacola-Beach-FL,https://www.hipmunk.com/Hotels-in-Daytona-Beach-FL,https://www.hipmunk.com/Hotels-in-Saint-Augustine-FL,https://www.hipmunk.com/Hotels-in-Panama-City-Beach-FL,https://www.hipmunk.com/Hotels-in-Fort-Myers-Beach-FL
,,,,,hipmunk hotels south,"These 500-word Hipmunk Hotel articles should include all 5 destination links in 5 separate grafs about each destination. Hipmunk would like if we discussed hotels in each section; HOWEVER, only one or two of those hotel mentions need refer back to Hipmunk's site. Also, I've titled these only with the name of the region you'll be writing about. Please title these with the ""Hipmunk Hotels: TKTKTK in CITYNAMES"" format found in the assignment directions and the style guide. Otherwise, this is standard Hipmunk blog work: let me know if you have any questions!",https://www.hipmunk.com/Hotels-in-Norcross-GA,https://www.hipmunk.com/Hotels-in-Augusta-GA,https://www.hipmunk.com/Hotels-in-Dunwoody-GA,https://www.hipmunk.com/Hotels-in-College-Park-GA,https://www.hipmunk.com/Hotels-in-Gainesville-FL
,,,,,hipmunk hotels northeast,"These 500-word Hipmunk Hotel articles should include all 5 destination links in 5 separate grafs about each destination. Hipmunk would like if we discussed hotels in each section; HOWEVER, only one or two of those hotel mentions need refer back to Hipmunk's site. Also, I've titled these only with the name of the region you'll be writing about. Please title these with the ""Hipmunk Hotels: TKTKTK in CITYNAMES"" format found in the assignment directions and the style guide. Otherwise, this is standard Hipmunk blog work: let me know if you have any questions!",https://www.hipmunk.com/Hotels-in-Jersey-City-NJ,https://www.hipmunk.com/Hotels-in-Pittsburgh-PA,https://www.hipmunk.com/Hotels-in-Allentown-PA,https://www.hipmunk.com/Hotels-in-Providence-RI,https://www.hipmunk.com/Hotels-in-Newport-RI
,,,,,hipmunk hotels new england,"These 500-word Hipmunk Hotel articles should include all 5 destination links in 5 separate grafs about each destination. Hipmunk would like if we discussed hotels in each section; HOWEVER, only one or two of those hotel mentions need refer back to Hipmunk's site. Also, I've titled these only with the name of the region you'll be writing about. Please title these with the ""Hipmunk Hotels: TKTKTK in CITYNAMES"" format found in the assignment directions and the style guide. Otherwise, this is standard Hipmunk blog work: let me know if you have any questions!",https://www.hipmunk.com/Hotels-in-Brooklyn-NY,https://www.hipmunk.com/Hotels-in-Braintree-MA,https://www.hipmunk.com/Hotels-in-Rochester-NY,https://www.hipmunk.com/Hotels-in-Providence-RI,https://www.hipmunk.com/Hotels-in-Newport-RI
,,,,,hipmunk hotels north carolina,"These 500-word Hipmunk Hotel articles should include all 5 destination links in 5 separate grafs about each destination. Hipmunk would like if we discussed hotels in each section; HOWEVER, only one or two of those hotel mentions need refer back to Hipmunk's site. Also, I've titled these only with the name of the region you'll be writing about. Please title these with the ""Hipmunk Hotels: TKTKTK in CITYNAMES"" format found in the assignment directions and the style guide. Otherwise, this is standard Hipmunk blog work: let me know if you have any questions!",https://www.hipmunk.com/Hotels-in-Raleigh-NC,https://www.hipmunk.com/Hotels-in-Wilmington-NC,https://www.hipmunk.com/Hotels-in-Wilmington-NC,https://www.hipmunk.com/Hotels-in-Durham-NC,https://www.hipmunk.com/Hotels-in-Greensboro-NC
,,,,,hipmunk hotels midwest,"These 500-word Hipmunk Hotel articles should include all 5 destination links in 5 separate grafs about each destination. Hipmunk would like if we discussed hotels in each section; HOWEVER, only one or two of those hotel mentions need refer back to Hipmunk's site. Also, I've titled these only with the name of the region you'll be writing about. Please title these with the ""Hipmunk Hotels: TKTKTK in CITYNAMES"" format found in the assignment directions and the style guide. Otherwise, this is standard Hipmunk blog work: let me know if you have any questions!",https://www.hipmunk.com/Hotels-in-Lincoln-NE,https://www.hipmunk.com/Hotels-in-Saint-George-UT,https://www.hipmunk.com/Hotels-in-Salt-Lake-City-UT,https://www.hipmunk.com/Hotels-in-Park-City-UT,https://www.hipmunk.com/Hotels-in-Milwaukee-WI
,,,,,hipmunk hotels south,"These 500-word Hipmunk Hotel articles should include all 5 destination links in 5 separate grafs about each destination. Hipmunk would like if we discussed hotels in each section; HOWEVER, only one or two of those hotel mentions need refer back to Hipmunk's site. Also, I've titled these only with the name of the region you'll be writing about. Please title these with the ""Hipmunk Hotels: TKTKTK in CITYNAMES"" format found in the assignment directions and the style guide. Otherwise, this is standard Hipmunk blog work: let me know if you have any questions!",https://www.hipmunk.com/Hotels-in-Tulsa-OK,https://www.hipmunk.com/Hotels-in-Oklahoma-City-OK,https://www.hipmunk.com/Hotels-in-Columbia-SC,https://www.hipmunk.com/Hotels-in-Hilton-Head-Island-SC,https://www.hipmunk.com/Hotels-in-Morgantown-WV
,,,,,hipmunk hotels california,"These 500-word Hipmunk Hotel articles should include all 5 destination links in 5 separate grafs about each destination. Hipmunk would like if we discussed hotels in each section; HOWEVER, only one or two of those hotel mentions need refer back to Hipmunk's site. Also, I've titled these only with the name of the region you'll be writing about. Please title these with the ""Hipmunk Hotels: TKTKTK in CITYNAMES"" format found in the assignment directions and the style guide. Otherwise, this is standard Hipmunk blog work: let me know if you have any questions!",https://www.hipmunk.com/Hotels-in-Ventura-CA,https://www.hipmunk.com/Hotels-in-Santa-Barbara-CA,https://www.hipmunk.com/Hotels-in-Hawthorne-CA,https://www.hipmunk.com/Hotels-in-Burlingame-CA,https://www.hipmunk.com/Hotels-in-Chula-Vista-CA
,,,,,hipmunk hotels west,"These 500-word Hipmunk Hotel articles should include all 5 destination links in 5 separate grafs about each destination. Hipmunk would like if we discussed hotels in each section; HOWEVER, only one or two of those hotel mentions need refer back to Hipmunk's site. Also, I've titled these only with the name of the region you'll be writing about. Please title these with the ""Hipmunk Hotels: TKTKTK in CITYNAMES"" format found in the assignment directions and the style guide. Otherwise, this is standard Hipmunk blog work: let me know if you have any questions!",https://www.hipmunk.com/Hotels-in-Glendale-CA,https://www.hipmunk.com/Hotels-in-South-Lake-Tahoe-CA,https://www.hipmunk.com/Hotels-in-Torrance-CA,https://www.hipmunk.com/Hotels-in-Ventura-CA,https://www.hipmunk.com/Hotels-in-Santa-Barbara-CA
,,,,,himpunk hotels colorado,"These 500-word Hipmunk Hotel articles should include all 5 destination links in 5 separate grafs about each destination. Hipmunk would like if we discussed hotels in each section; HOWEVER, only one or two of those hotel mentions need refer back to Hipmunk's site. Also, I've titled these only with the name of the region you'll be writing about. Please title these with the ""Hipmunk Hotels: TKTKTK in CITYNAMES"" format found in the assignment directions and the style guide. Otherwise, this is standard Hipmunk blog work: let me know if you have any questions!",https://www.hipmunk.com/Hotels-in-Boulder-CO,https://www.hipmunk.com/Hotels-in-Colorado-Springs-CO,https://www.hipmunk.com/Hotels-in-Fort-Collins-CO,https://www.hipmunk.com/Hotels-in-Vail-CO,https://www.hipmunk.com/Hotels-in-Breckenridge-CO
,,,,,hipmunk hotels maryland,"These 500-word Hipmunk Hotel articles should include all 5 destination links in 5 separate grafs about each destination. Hipmunk would like if we discussed hotels in each section; HOWEVER, only one or two of those hotel mentions need refer back to Hipmunk's site. Also, I've titled these only with the name of the region you'll be writing about. Please title these with the ""Hipmunk Hotels: TKTKTK in CITYNAMES"" format found in the assignment directions and the style guide. Otherwise, this is standard Hipmunk blog work: let me know if you have any questions!",https://www.hipmunk.com/Hotels-in-Baltimore-MD,https://www.hipmunk.com/Hotels-in-Annapolis-MD,https://www.hipmunk.com/Hotels-in-Ocean-City-MD,https://www.hipmunk.com/Hotels-in-Salisbury-MD,
,,,,,hipmunk hotels virginia,"These 500-word Hipmunk Hotel articles should include all 5 destination links in 5 separate grafs about each destination. Hipmunk would like if we discussed hotels in each section; HOWEVER, only one or two of those hotel mentions need refer back to Hipmunk's site. Also, I've titled these only with the name of the region you'll be writing about. Please title these with the ""Hipmunk Hotels: TKTKTK in CITYNAMES"" format found in the assignment directions and the style guide. Otherwise, this is standard Hipmunk blog work: let me know if you have any questions!",https://www.hipmunk.com/Hotels-in-Newport-News-VA,https://www.hipmunk.com/Hotels-in-Richmond-VA,https://www.hipmunk.com/Hotels-in-Virginia-Beach-VA,https://www.hipmunk.com/Hotels-in-Alexandria-VA,https://www.hipmunk.com/Hotels-in-Sterling-VA
,,,,,hipmunk hotels deep south,"These 500-word Hipmunk Hotel articles should include all 5 destination links in 5 separate grafs about each destination. Hipmunk would like if we discussed hotels in each section; HOWEVER, only one or two of those hotel mentions need refer back to Hipmunk's site. Also, I've titled these only with the name of the region you'll be writing about. Please title these with the ""Hipmunk Hotels: TKTKTK in CITYNAMES"" format found in the assignment directions and the style guide. Otherwise, this is standard Hipmunk blog work: let me know if you have any questions!",https://www.hipmunk.com/Hotels-in-Virginia-Beach-VA,https://www.hipmunk.com/Hotels-in-Tuscaloosa-AL,https://www.hipmunk.com/Hotels-in-Sarasota-FL,https://www.hipmunk.com/Hotels-in-Panama-City-FL,https://www.hipmunk.com/Hotels-in-Fort-Myers-FL
,,,,,hipmunk hotels south,"These 500-word Hipmunk Hotel articles should include all 5 destination links in 5 separate grafs about each destination. Hipmunk would like if we discussed hotels in each section; HOWEVER, only one or two of those hotel mentions need refer back to Hipmunk's site. Also, I've titled these only with the name of the region you'll be writing about. Please title these with the ""Hipmunk Hotels: TKTKTK in CITYNAMES"" format found in the assignment directions and the style guide. Otherwise, this is standard Hipmunk blog work: let me know if you have any questions!",https://www.hipmunk.com/Hotels-in-Hot-Springs-Village-AR,https://www.hipmunk.com/Hotels-in-Dover-DE,https://www.hipmunk.com/Hotels-in-Tulsa-OK,https://www.hipmunk.com/Hotels-in-Oklahoma-City-OK,https://www.hipmunk.com/Hotels-in-Biloxi-MS
,,,,,hipmunk hotels northeast,"These 500-word Hipmunk Hotel articles should include all 5 destination links in 5 separate grafs about each destination. Hipmunk would like if we discussed hotels in each section; HOWEVER, only one or two of those hotel mentions need refer back to Hipmunk's site. Also, I've titled these only with the name of the region you'll be writing about. Please title these with the ""Hipmunk Hotels: TKTKTK in CITYNAMES"" format found in the assignment directions and the style guide. Otherwise, this is standard Hipmunk blog work: let me know if you have any questions!",https://www.hipmunk.com/Hotels-in-Jersey-City-NJ,https://www.hipmunk.com/Hotels-in-Pittsburgh-PA,,https://www.hipmunk.com/Hotels-in-Newark-NJ,https://www.hipmunk.com/Hotels-in-East-Elmhurst-NY
,,,,,hipmunk hotels west,"These 500-word Hipmunk Hotel articles should include all 5 destination links in 5 separate grafs about each destination. Hipmunk would like if we discussed hotels in each section; HOWEVER, only one or two of those hotel mentions need refer back to Hipmunk's site. Also, I've titled these only with the name of the region you'll be writing about. Please title these with the ""Hipmunk Hotels: TKTKTK in CITYNAMES"" format found in the assignment directions and the style guide. Otherwise, this is standard Hipmunk blog work: let me know if you have any questions!",https://www.hipmunk.com/Hotels-in-Riverside-CA,https://www.hipmunk.com/Hotels-in-Reno-NV,https://www.hipmunk.com/Hotels-in-Fort-Collins-CO,https://www.hipmunk.com/Hotels-in-Yuma-AZ,https://www.hipmunk.com/Hotels-in-Bend-OR
,,,,,hipmunk hotels pacific,"These 500-word Hipmunk Hotel articles should include all 5 destination links in 5 separate grafs about each destination. Hipmunk would like if we discussed hotels in each section; HOWEVER, only one or two of those hotel mentions need refer back to Hipmunk's site. Also, I've titled these only with the name of the region you'll be writing about. Please title these with the ""Hipmunk Hotels: TKTKTK in CITYNAMES"" format found in the assignment directions and the style guide. Otherwise, this is standard Hipmunk blog work: let me know if you have any questions!",https://www.hipmunk.com/Hotels-in-Kailua-Kona-HI,https://www.hipmunk.com/Hotels-in-Wailea-Maui-HI,https://www.hipmunk.com/Hotels-in-Waikoloa-HI,https://www.hipmunk.com/Hotels-in-Concord-CA,https://www.hipmunk.com/Hotels-in-Fresno-CA
,,,,,hipmunk hotels college towns,"These 500-word Hipmunk Hotel articles should include all 5 destination links in 5 separate grafs about each destination. Hipmunk would like if we discussed hotels in each section; HOWEVER, only one or two of those hotel mentions need refer back to Hipmunk's site. Also, I've titled these only with the name of the region you'll be writing about. Please title these with the ""Hipmunk Hotels: TKTKTK in CITYNAMES"" format found in the assignment directions and the style guide. Otherwise, this is standard Hipmunk blog work: let me know if you have any questions!",https://www.hipmunk.com/Hotels-in-Gainesville-FL,https://www.hipmunk.com/Hotels-in-Tacoma-WA,https://www.hipmunk.com/Hotels-in-Tuscaloosa-AL,https://www.hipmunk.com/Hotels-in-Flagstaff-AZ,https://www.hipmunk.com/Hotels-in-Lincoln-NE
,,,,,hipmunk hotels florida beach towns,"These 500-word Hipmunk Hotel articles should include all 5 destination links in 5 separate grafs about each destination. Hipmunk would like if we discussed hotels in each section; HOWEVER, only one or two of those hotel mentions need refer back to Hipmunk's site. Also, I've titled these only with the name of the region you'll be writing about. Please title these with the ""Hipmunk Hotels: TKTKTK in CITYNAMES"" format found in the assignment directions and the style guide. Otherwise, this is standard Hipmunk blog work: let me know if you have any questions!",https://www.hipmunk.com/Hotels-in-Pensacola-Beach-FL,https://www.hipmunk.com/Hotels-in-Daytona-Beach-FL,https://www.hipmunk.com/Hotels-in-Clearwater-Beach-FL,https://www.hipmunk.com/Hotels-in-Panama-City-Beach-FL,https://www.hipmunk.com/Hotels-in-Fort-Myers-Beach-FL
,,,,,hipmunk hotels cities with amusement parks,"These 500-word Hipmunk Hotel articles should include all 5 destination links in 5 separate grafs about each destination. Hipmunk would like if we discussed hotels in each section; HOWEVER, only one or two of those hotel mentions need refer back to Hipmunk's site. Also, I've titled these only with the name of the region you'll be writing about. Please title these with the ""Hipmunk Hotels: TKTKTK in CITYNAMES"" format found in the assignment directions and the style guide. Otherwise, this is standard Hipmunk blog work: let me know if you have any questions!",https://www.hipmunk.com/Hotels-in-Huntsville-AL,https://www.hipmunk.com/Hotels-in-Phoenix-AZ,https://www.hipmunk.com/Hotels-in-Concord-CA,https://www.hipmunk.com/Hotels-in-Little-Rock-AR,https://www.hipmunk.com/Hotels-in-Oakland-CA
,,,,,hipmunk hotels midwest,"These 500-word Hipmunk Hotel articles should include all 5 destination links in 5 separate grafs about each destination. Hipmunk would like if we discussed hotels in each section; HOWEVER, only one or two of those hotel mentions need refer back to Hipmunk's site. Also, I've titled these only with the name of the region you'll be writing about. Please title these with the ""Hipmunk Hotels: TKTKTK in CITYNAMES"" format found in the assignment directions and the style guide. Otherwise, this is standard Hipmunk blog work: let me know if you have any questions!",https://www.hipmunk.com/Hotels-in-Saint-Louis-MO,https://www.hipmunk.com/Hotels-in-Branson-MO,https://www.hipmunk.com/Hotels-in-Bismarck-ND,https://www.hipmunk.com/Hotels-in-Omaha-NE,https://www.hipmunk.com/Hotels-in-Sioux-Falls-SD
,,,,,hipmunk hotels south,"These 500-word Hipmunk Hotel articles should include all 5 destination links in 5 separate grafs about each destination. Hipmunk would like if we discussed hotels in each section; HOWEVER, only one or two of those hotel mentions need refer back to Hipmunk's site. Also, I've titled these only with the name of the region you'll be writing about. Please title these with the ""Hipmunk Hotels: TKTKTK in CITYNAMES"" format found in the assignment directions and the style guide. Otherwise, this is standard Hipmunk blog work: let me know if you have any questions!",https://www.hipmunk.com/Hotels-in-Louisville-KY,https://www.hipmunk.com/Hotels-in-Baltimore-MD,https://www.hipmunk.com/Hotels-in-Annapolis-MD,https://www.hipmunk.com/Hotels-in-Tuscaloosa-AL,https://www.hipmunk.com/Hotels-in-College-Park-GA
,,,,,hipmunk hotels pacific,"These 500-word Hipmunk Hotel articles should include all 5 destination links in 5 separate grafs about each destination. Hipmunk would like if we discussed hotels in each section; HOWEVER, only one or two of those hotel mentions need refer back to Hipmunk's site. Also, I've titled these only with the name of the region you'll be writing about. Please title these with the ""Hipmunk Hotels: TKTKTK in CITYNAMES"" format found in the assignment directions and the style guide. Otherwise, this is standard Hipmunk blog work: let me know if you have any questions!",https://www.hipmunk.com/Hotels-in-Costa-Mesa-CA,https://www.hipmunk.com/Hotels-in-Monterey-CA,https://www.hipmunk.com/Hotels-in-Riverside-CA,https://www.hipmunk.com/Hotels-in-Huntington-Beach-CA,https://www.hipmunk.com/Hotels-in-Fresno-CA
,,,,,hipmunk hotels mountain states,"These 500-word Hipmunk Hotel articles should include all 5 destination links in 5 separate grafs about each destination. Hipmunk would like if we discussed hotels in each section; HOWEVER, only one or two of those hotel mentions need refer back to Hipmunk's site. Also, I've titled these only with the name of the region you'll be writing about. Please title these with the ""Hipmunk Hotels: TKTKTK in CITYNAMES"" format found in the assignment directions and the style guide. Otherwise, this is standard Hipmunk blog work: let me know if you have any questions!",https://www.hipmunk.com/Hotels-in-Page-AZ,https://www.hipmunk.com/Hotels-in-Yuma-AZ,https://www.hipmunk.com/Hotels-in-Stateline-NV,https://www.hipmunk.com/Hotels-in-Boulder-CO,https://www.hipmunk.com/Hotels-in-Fort-Collins-CO
,,,,,hipmunk hotels california,"These 500-word Hipmunk Hotel articles should include all 5 destination links in 5 separate grafs about each destination. Hipmunk would like if we discussed hotels in each section; HOWEVER, only one or two of those hotel mentions need refer back to Hipmunk's site. Also, I've titled these only with the name of the region you'll be writing about. Please title these with the ""Hipmunk Hotels: TKTKTK in CITYNAMES"" format found in the assignment directions and the style guide. Otherwise, this is standard Hipmunk blog work: let me know if you have any questions!",https://www.hipmunk.com/Hotels-in-Garden-Grove-CA,https://www.hipmunk.com/Hotels-in-Palm-Springs-CA,https://www.hipmunk.com/Hotels-in-Santa-Cruz-CA,https://www.hipmunk.com/Hotels-in-Redding-CA,https://www.hipmunk.com/Hotels-in-Roseville-CA
,,,,,hipmunk hotels florida,"These 500-word Hipmunk Hotel articles should include all 5 destination links in 5 separate grafs about each destination. Hipmunk would like if we discussed hotels in each section; HOWEVER, only one or two of those hotel mentions need refer back to Hipmunk's site. Also, I've titled these only with the name of the region you'll be writing about. Please title these with the ""Hipmunk Hotels: TKTKTK in CITYNAMES"" format found in the assignment directions and the style guide. Otherwise, this is standard Hipmunk blog work: let me know if you have any questions!",https://www.hipmunk.com/Hotels-in-Sarasota-FL,https://www.hipmunk.com/Hotels-in-Panama-City-FL,https://www.hipmunk.com/Hotels-in-Fort-Myers-FL,https://www.hipmunk.com/Hotels-in-Sanibel-FL,https://www.hipmunk.com/Hotels-in-Jacksonville-FL
,,,,,hipmunk hotels arizona,"These 500-word Hipmunk Hotel articles should include all 5 destination links in 5 separate grafs about each destination. Hipmunk would like if we discussed hotels in each section; HOWEVER, only one or two of those hotel mentions need refer back to Hipmunk's site. Also, I've titled these only with the name of the region you'll be writing about. Please title these with the ""Hipmunk Hotels: TKTKTK in CITYNAMES"" format found in the assignment directions and the style guide. Otherwise, this is standard Hipmunk blog work: let me know if you have any questions!",https://www.hipmunk.com/Hotels-in-Flagstaff-AZ,https://www.hipmunk.com/Hotels-in-Page-AZ,https://www.hipmunk.com/Hotels-in-Yuma-AZ,https://www.hipmunk.com/Hotels-in-Phoenix-AZ,https://www.hipmunk.com/Hotels-in-Sedona-AZ
,,,,,hipmunk hotels midwest,"These 500-word Hipmunk Hotel articles should include all 5 destination links in 5 separate grafs about each destination. Hipmunk would like if we discussed hotels in each section; HOWEVER, only one or two of those hotel mentions need refer back to Hipmunk's site. Also, I've titled these only with the name of the region you'll be writing about. Please title these with the ""Hipmunk Hotels: TKTKTK in CITYNAMES"" format found in the assignment directions and the style guide. Otherwise, this is standard Hipmunk blog work: let me know if you have any questions!",https://www.hipmunk.com/Hotels-in-Rosemont-IL,https://www.hipmunk.com/Hotels-in-Peoria-IL,https://www.hipmunk.com/Hotels-in-Cleveland-OH,https://www.hipmunk.com/Hotels-in-Rockford-IL,https://www.hipmunk.com/Hotels-in-Grand-Rapids-MI
,,,,,hipmunk hotels deep south,"These 500-word Hipmunk Hotel articles should include all 5 destination links in 5 separate grafs about each destination. Hipmunk would like if we discussed hotels in each section; HOWEVER, only one or two of those hotel mentions need refer back to Hipmunk's site. Also, I've titled these only with the name of the region you'll be writing about. Please title these with the ""Hipmunk Hotels: TKTKTK in CITYNAMES"" format found in the assignment directions and the style guide. Otherwise, this is standard Hipmunk blog work: let me know if you have any questions!",https://www.hipmunk.com/Hotels-in-Greensboro-NC,https://www.hipmunk.com/Hotels-in-Newport-News-VA,https://www.hipmunk.com/Hotels-in-Panama-City-FL,https://www.hipmunk.com/Hotels-in-Tulsa-OK,https://www.hipmunk.com/Hotels-in-Augusta-GA
,,,,,hipmunk hotels pacific,"These 500-word Hipmunk Hotel articles should include all 5 destination links in 5 separate grafs about each destination. Hipmunk would like if we discussed hotels in each section; HOWEVER, only one or two of those hotel mentions need refer back to Hipmunk's site. Also, I've titled these only with the name of the region you'll be writing about. Please title these with the ""Hipmunk Hotels: TKTKTK in CITYNAMES"" format found in the assignment directions and the style guide. Otherwise, this is standard Hipmunk blog work: let me know if you have any questions!",https://www.hipmunk.com/Hotels-in-Ontario-CA,https://www.hipmunk.com/Hotels-in-Pasadena-CA,https://www.hipmunk.com/Hotels-in-South-San-Francisco-CA,https://www.hipmunk.com/Hotels-in-Universal-City-CA,https://www.hipmunk.com/Hotels-in-Oakland-CA
,,,,,hipmunk hotels south,"These 500-word Hipmunk Hotel articles should include all 5 destination links in 5 separate grafs about each destination. Hipmunk would like if we discussed hotels in each section; HOWEVER, only one or two of those hotel mentions need refer back to Hipmunk's site. Also, I've titled these only with the name of the region you'll be writing about. Please title these with the ""Hipmunk Hotels: TKTKTK in CITYNAMES"" format found in the assignment directions and the style guide. Otherwise, this is standard Hipmunk blog work: let me know if you have any questions!",https://www.hipmunk.com/Hotels-in-Hot-Springs-Village-AR,https://www.hipmunk.com/Hotels-in-Dover-DE,https://www.hipmunk.com/Hotels-in-Salisbury-MD,https://www.hipmunk.com/Hotels-in-Ocean-City-MD,https://www.hipmunk.com/Hotels-in-Louisville-KY
,,,,,hipmunk hotels deep south,"These 500-word Hipmunk Hotel articles should include all 5 destination links in 5 separate grafs about each destination. Hipmunk would like if we discussed hotels in each section; HOWEVER, only one or two of those hotel mentions need refer back to Hipmunk's site. Also, I've titled these only with the name of the region you'll be writing about. Please title these with the ""Hipmunk Hotels: TKTKTK in CITYNAMES"" format found in the assignment directions and the style guide. Otherwise, this is standard Hipmunk blog work: let me know if you have any questions!",https://www.hipmunk.com/Hotels-in-Galveston-TX,https://www.hipmunk.com/Hotels-in-Tuscaloosa-AL,https://www.hipmunk.com/Hotels-in-Fort-Myers-FL,https://www.hipmunk.com/Hotels-in-Lafayette-LA,https://www.hipmunk.com/Hotels-in-Augusta-GA
,,,,,hipmunk hotels midwest,"These 500-word Hipmunk Hotel articles should include all 5 destination links in 5 separate grafs about each destination. Hipmunk would like if we discussed hotels in each section; HOWEVER, only one or two of those hotel mentions need refer back to Hipmunk's site. Also, I've titled these only with the name of the region you'll be writing about. Please title these with the ""Hipmunk Hotels: TKTKTK in CITYNAMES"" format found in the assignment directions and the style guide. Otherwise, this is standard Hipmunk blog work: let me know if you have any questions!",https://www.hipmunk.com/Hotels-in-Detroit-MI,https://www.hipmunk.com/Hotels-in-Minneapolis-MN,https://www.hipmunk.com/Hotels-in-Saint-Louis-MO,https://www.hipmunk.com/Hotels-in-Madison-WI,https://www.hipmunk.com/Hotels-in-Bismarck-ND
,,,,,hipmunk hotels new england,"These 500-word Hipmunk Hotel articles should include all 5 destination links in 5 separate grafs about each destination. Hipmunk would like if we discussed hotels in each section; HOWEVER, only one or two of those hotel mentions need refer back to Hipmunk's site. Also, I've titled these only with the name of the region you'll be writing about. Please title these with the ""Hipmunk Hotels: TKTKTK in CITYNAMES"" format found in the assignment directions and the style guide. Otherwise, this is standard Hipmunk blog work: let me know if you have any questions!",https://www.hipmunk.com/Hotels-in-Burlington-VT,https://www.hipmunk.com/Hotels-in-Bangor-ME,https://www.hipmunk.com/Hotels-in-Woburn-MA,https://www.hipmunk.com/Hotels-in-Hartford-CT,https://www.hipmunk.com/Hotels-in-New-Haven-CT
,,,,,hipmunk hotels florida beaches,"These 500-word Hipmunk Hotel articles should include all 5 destination links in 5 separate grafs about each destination. Hipmunk would like if we discussed hotels in each section; HOWEVER, only one or two of those hotel mentions need refer back to Hipmunk's site. Also, I've titled these only with the name of the region you'll be writing about. Please title these with the ""Hipmunk Hotels: TKTKTK in CITYNAMES"" format found in the assignment directions and the style guide. Otherwise, this is standard Hipmunk blog work: let me know if you have any questions!",https://www.hipmunk.com/Hotels-in-Panama-City-Beach-FL,https://www.hipmunk.com/Hotels-in-Clearwater-Beach-FL,https://www.hipmunk.com/Hotels-in-Fort-Myers-Beach-FL,https://www.hipmunk.com/Hotels-in-Pensacola-Beach-FL,https://www.hipmunk.com/Hotels-in-Daytona-Beach-FL
,,,,,hipmunk hotels virginia,"These 500-word Hipmunk Hotel articles should include all 5 destination links in 5 separate grafs about each destination. Hipmunk would like if we discussed hotels in each section; HOWEVER, only one or two of those hotel mentions need refer back to Hipmunk's site. Also, I've titled these only with the name of the region you'll be writing about. Please title these with the ""Hipmunk Hotels: TKTKTK in CITYNAMES"" format found in the assignment directions and the style guide. Otherwise, this is standard Hipmunk blog work: let me know if you have any questions!",https://www.hipmunk.com/Hotels-in-Norfolk-VA,https://www.hipmunk.com/Hotels-in-Virginia-Beach-VA,https://www.hipmunk.com/Hotels-in-Sterling-VA,https://www.hipmunk.com/Hotels-in-Richmond-VA,https://www.hipmunk.com/Hotels-in-Newport-News-VA
,,,,,hipmunk hotels west,"These 500-word Hipmunk Hotel articles should include all 5 destination links in 5 separate grafs about each destination. Hipmunk would like if we discussed hotels in each section; HOWEVER, only one or two of those hotel mentions need refer back to Hipmunk's site. Also, I've titled these only with the name of the region you'll be writing about. Please title these with the ""Hipmunk Hotels: TKTKTK in CITYNAMES"" format found in the assignment directions and the style guide. Otherwise, this is standard Hipmunk blog work: let me know if you have any questions!",https://www.hipmunk.com/Hotels-in-Kent-WA,https://www.hipmunk.com/Hotels-in-Vail-CO,https://www.hipmunk.com/Hotels-in-Grand-Canyon-AZ,https://www.hipmunk.com/Hotels-in-Santa-Cruz-CA,https://www.hipmunk.com/Hotels-in-Santa-Fe-NM
,,,,,hipmunk hotels deep south,"These 500-word Hipmunk Hotel articles should include all 5 destination links in 5 separate grafs about each destination. Hipmunk would like if we discussed hotels in each section; HOWEVER, only one or two of those hotel mentions need refer back to Hipmunk's site. Also, I've titled these only with the name of the region you'll be writing about. Please title these with the ""Hipmunk Hotels: TKTKTK in CITYNAMES"" format found in the assignment directions and the style guide. Otherwise, this is standard Hipmunk blog work: let me know if you have any questions!",https://www.hipmunk.com/Hotels-in-Charlotte-NC,https://www.hipmunk.com/Hotels-in-Saint-Augustine-FL,https://www.hipmunk.com/Hotels-in-Corpus-Christi-TX,https://www.hipmunk.com/Hotels-in-Asheville-NC,https://www.hipmunk.com/Hotels-in-Memphis-TN
,,,,,hipmunk hotels new england,"These 500-word Hipmunk Hotel articles should include all 5 destination links in 5 separate grafs about each destination. Hipmunk would like if we discussed hotels in each section; HOWEVER, only one or two of those hotel mentions need refer back to Hipmunk's site. Also, I've titled these only with the name of the region you'll be writing about. Please title these with the ""Hipmunk Hotels: TKTKTK in CITYNAMES"" format found in the assignment directions and the style guide. Otherwise, this is standard Hipmunk blog work: let me know if you have any questions!",https://www.hipmunk.com/Hotels-in-Allentown-PA,https://www.hipmunk.com/Hotels-in-Providence-RI,https://www.hipmunk.com/Hotels-in-Braintree-MA,https://www.hipmunk.com/Hotels-in-Jersey-City-NJ,https://www.hipmunk.com/Hotels-in-Rochester-NY
,,,,,hipmunk hotels california,"These 500-word Hipmunk Hotel articles should include all 5 destination links in 5 separate grafs about each destination. Hipmunk would like if we discussed hotels in each section; HOWEVER, only one or two of those hotel mentions need refer back to Hipmunk's site. Also, I've titled these only with the name of the region you'll be writing about. Please title these with the ""Hipmunk Hotels: TKTKTK in CITYNAMES"" format found in the assignment directions and the style guide. Otherwise, this is standard Hipmunk blog work: let me know if you have any questions!",https://www.hipmunk.com/Hotels-in-South-Lake-Tahoe-CA,https://www.hipmunk.com/Hotels-in-Hawthorne-CA,https://www.hipmunk.com/Hotels-in-Ventura-CA,https://www.hipmunk.com/Hotels-in-Santa-Barbara-CA,https://www.hipmunk.com/Hotels-in-Torrance-CA
,,,,,hipmunk hotels california,"These 500-word Hipmunk Hotel articles should include all 5 destination links in 5 separate grafs about each destination. Hipmunk would like if we discussed hotels in each section; HOWEVER, only one or two of those hotel mentions need refer back to Hipmunk's site. Also, I've titled these only with the name of the region you'll be writing about. Please title these with the ""Hipmunk Hotels: TKTKTK in CITYNAMES"" format found in the assignment directions and the style guide. Otherwise, this is standard Hipmunk blog work: let me know if you have any questions!",https://www.hipmunk.com/Hotels-in-Burlingame-CA,https://www.hipmunk.com/Hotels-in-Chula-Vista-CA,https://www.hipmunk.com/Hotels-in-San-Mateo-CA,https://www.hipmunk.com/Hotels-in-Pasadena-CA,https://www.hipmunk.com/Hotels-in-Ontario-CA
,,,,,hipmunk hotels colorado,"These 500-word Hipmunk Hotel articles should include all 5 destination links in 5 separate grafs about each destination. Hipmunk would like if we discussed hotels in each section; HOWEVER, only one or two of those hotel mentions need refer back to Hipmunk's site. Also, I've titled these only with the name of the region you'll be writing about. Please title these with the ""Hipmunk Hotels: TKTKTK in CITYNAMES"" format found in the assignment directions and the style guide. Otherwise, this is standard Hipmunk blog work: let me know if you have any questions!",https://www.hipmunk.com/Hotels-in-Colorado-Springs-CO,https://www.hipmunk.com/Hotels-in-Fort-Collins-CO,https://www.hipmunk.com/Hotels-in-Breckenridge-CO,https://www.hipmunk.com/Hotels-in-Vail-CO,https://www.hipmunk.com/Hotels-in-Boulder-CO
,,,,,hipmunk hotels south,"These 500-word Hipmunk Hotel articles should include all 5 destination links in 5 separate grafs about each destination. Hipmunk would like if we discussed hotels in each section; HOWEVER, only one or two of those hotel mentions need refer back to Hipmunk's site. Also, I've titled these only with the name of the region you'll be writing about. Please title these with the ""Hipmunk Hotels: TKTKTK in CITYNAMES"" format found in the assignment directions and the style guide. Otherwise, this is standard Hipmunk blog work: let me know if you have any questions!",https://www.hipmunk.com/Hotels-in-Annapolis-MD,https://www.hipmunk.com/Hotels-in-Dunwoody-GA,https://www.hipmunk.com/Hotels-in-Asheville-NC,https://www.hipmunk.com/Hotels-in-Chattanooga-TN,https://www.hipmunk.com/Hotels-in-Lexington-KY
,,,,,hipmunk hotels california,"These 500-word Hipmunk Hotel articles should include all 5 destination links in 5 separate grafs about each destination. Hipmunk would like if we discussed hotels in each section; HOWEVER, only one or two of those hotel mentions need refer back to Hipmunk's site. Also, I've titled these only with the name of the region you'll be writing about. Please title these with the ""Hipmunk Hotels: TKTKTK in CITYNAMES"" format found in the assignment directions and the style guide. Otherwise, this is standard Hipmunk blog work: let me know if you have any questions!",https://www.hipmunk.com/Hotels-in-West-Hollywood-CA,https://www.hipmunk.com/Hotels-in-Monterey-CA,https://www.hipmunk.com/Hotels-in-Orange-CA,https://www.hipmunk.com/Hotels-in-Escondido-CA,https://www.hipmunk.com/Hotels-in-Costa-Mesa-CA
,,,,,hipmunk hotels midwest,"These 500-word Hipmunk Hotel articles should include all 5 destination links in 5 separate grafs about each destination. Hipmunk would like if we discussed hotels in each section; HOWEVER, only one or two of those hotel mentions need refer back to Hipmunk's site. Also, I've titled these only with the name of the region you'll be writing about. Please title these with the ""Hipmunk Hotels: TKTKTK in CITYNAMES"" format found in the assignment directions and the style guide. Otherwise, this is standard Hipmunk blog work: let me know if you have any questions!",https://www.hipmunk.com/Hotels-in-Des-Moines-IA,https://www.hipmunk.com/Hotels-in-Kansas-City-MO,https://www.hipmunk.com/Hotels-in-Bloomington-MN,https://www.hipmunk.com/Hotels-in-Champaign-IL,https://www.hipmunk.com/Hotels-in-Indianapolis-IN
,,,,,hipmunk hotels midwest,"These 500-word Hipmunk Hotel articles should include all 5 destination links in 5 separate grafs about each destination. Hipmunk would like if we discussed hotels in each section; HOWEVER, only one or two of those hotel mentions need refer back to Hipmunk's site. Also, I've titled these only with the name of the region you'll be writing about. Please title these with the ""Hipmunk Hotels: TKTKTK in CITYNAMES"" format found in the assignment directions and the style guide. Otherwise, this is standard Hipmunk blog work: let me know if you have any questions!",https://www.hipmunk.com/Hotels-in-Park-City-UT,https://www.hipmunk.com/Hotels-in-Omaha-NE,https://www.hipmunk.com/Hotels-in-Sioux-Falls-SD,https://www.hipmunk.com/Hotels-in-Bismarck-ND,https://www.hipmunk.com/Hotels-in-Milwaukee-WI
,,,,,hipmunk hotels california,"These 500-word Hipmunk Hotel articles should include all 5 destination links in 5 separate grafs about each destination. Hipmunk would like if we discussed hotels in each section; HOWEVER, only one or two of those hotel mentions need refer back to Hipmunk's site. Also, I've titled these only with the name of the region you'll be writing about. Please title these with the ""Hipmunk Hotels: TKTKTK in CITYNAMES"" format found in the assignment directions and the style guide. Otherwise, this is standard Hipmunk blog work: let me know if you have any questions!",https://www.hipmunk.com/Hotels-in-Napa-CA,https://www.hipmunk.com/Hotels-in-Concord-CA,https://www.hipmunk.com/Hotels-in-Huntington-Beach-CA,https://www.hipmunk.com/Hotels-in-Garden-Grove-CA,https://www.hipmunk.com/Hotels-in-Palm-Springs-CA
,,,,,hipmunk hotels west,"These 500-word Hipmunk Hotel articles should include all 5 destination links in 5 separate grafs about each destination. Hipmunk would like if we discussed hotels in each section; HOWEVER, only one or two of those hotel mentions need refer back to Hipmunk's site. Also, I've titled these only with the name of the region you'll be writing about. Please title these with the ""Hipmunk Hotels: TKTKTK in CITYNAMES"" format found in the assignment directions and the style guide. Otherwise, this is standard Hipmunk blog work: let me know if you have any questions!",https://www.hipmunk.com/Hotels-in-Albuquerque-NM,https://www.hipmunk.com/Hotels-in-Grand-Canyon-AZ,https://www.hipmunk.com/Hotels-in-Waikoloa-HI,https://www.hipmunk.com/Hotels-in-Marina-Del-Rey-CA,https://www.hipmunk.com/Hotels-in-Reno-NV
,,,,,hipmunk hotels south,"These 500-word Hipmunk Hotel articles should include all 5 destination links in 5 separate grafs about each destination. Hipmunk would like if we discussed hotels in each section; HOWEVER, only one or two of those hotel mentions need refer back to Hipmunk's site. Also, I've titled these only with the name of the region you'll be writing about. Please title these with the ""Hipmunk Hotels: TKTKTK in CITYNAMES"" format found in the assignment directions and the style guide. Otherwise, this is standard Hipmunk blog work: let me know if you have any questions!",https://www.hipmunk.com/Hotels-in-Mcallen-TX,https://www.hipmunk.com/Hotels-in-Tallahassee-FL,https://www.hipmunk.com/Hotels-in-Dover-DE,https://www.hipmunk.com/Hotels-in-Hot-Springs-Village-AR,https://www.hipmunk.com/Hotels-in-Alexandria-VA
,,,,,hipmunk hotels north carolina,"These 500-word Hipmunk Hotel articles should include all 5 destination links in 5 separate grafs about each destination. Hipmunk would like if we discussed hotels in each section; HOWEVER, only one or two of those hotel mentions need refer back to Hipmunk's site. Also, I've titled these only with the name of the region you'll be writing about. Please title these with the ""Hipmunk Hotels: TKTKTK in CITYNAMES"" format found in the assignment directions and the style guide. Otherwise, this is standard Hipmunk blog work: let me know if you have any questions!",https://www.hipmunk.com/Hotels-in-Raleigh-NC,https://www.hipmunk.com/Hotels-in-Charlotte-NC,https://www.hipmunk.com/Hotels-in-Durham-NC,https://www.hipmunk.com/Hotels-in-Greensboro-NC,x
,,,,,hipmunk hotels the carolinas,"These 500-word Hipmunk Hotel articles should include all 5 destination links in 5 separate grafs about each destination. Hipmunk would like if we discussed hotels in each section; HOWEVER, only one or two of those hotel mentions need refer back to Hipmunk's site. Also, I've titled these only with the name of the region you'll be writing about. Please title these with the ""Hipmunk Hotels: TKTKTK in CITYNAMES"" format found in the assignment directions and the style guide. Otherwise, this is standard Hipmunk blog work: let me know if you have any questions!",https://www.hipmunk.com/Hotels-in-Raleigh-NC,https://www.hipmunk.com/Hotels-in-Charlotte-NC,https://www.hipmunk.com/Hotels-in-Greensboro-NC,https://www.hipmunk.com/Hotels-in-Columbia-SC,https://www.hipmunk.com/Hotels-in-Hilton-Head-Island-SC
,,,,,hipmunk hotels pacific northwest,"These 500-word Hipmunk Hotel articles should include all 5 destination links in 5 separate grafs about each destination. Hipmunk would like if we discussed hotels in each section; HOWEVER, only one or two of those hotel mentions need refer back to Hipmunk's site. Also, I've titled these only with the name of the region you'll be writing about. Please title these with the ""Hipmunk Hotels: TKTKTK in CITYNAMES"" format found in the assignment directions and the style guide. Otherwise, this is standard Hipmunk blog work: let me know if you have any questions!",https://www.hipmunk.com/Hotels-in-Bend-OR,https://www.hipmunk.com/Hotels-in-Spokane-WA,https://www.hipmunk.com/Hotels-in-Kent-WA,,x
,,,,,hipmunk hotels california,"These 500-word Hipmunk Hotel articles should include all 5 destination links in 5 separate grafs about each destination. Hipmunk would like if we discussed hotels in each section; HOWEVER, only one or two of those hotel mentions need refer back to Hipmunk's site. Also, I've titled these only with the name of the region you'll be writing about. Please title these with the ""Hipmunk Hotels: TKTKTK in CITYNAMES"" format found in the assignment directions and the style guide. Otherwise, this is standard Hipmunk blog work: let me know if you have any questions!",https://www.hipmunk.com/Hotels-in-Costa-Mesa-CA,https://www.hipmunk.com/Hotels-in-Escondido-CA,https://www.hipmunk.com/Hotels-in-Monterey-CA,https://www.hipmunk.com/Hotels-in-San-Luis-Obispo-CA,https://www.hipmunk.com/Hotels-in-Orange-CA
,,,,,hipmunk hotels midwest,"These 500-word Hipmunk Hotel articles should include all 5 destination links in 5 separate grafs about each destination. Hipmunk would like if we discussed hotels in each section; HOWEVER, only one or two of those hotel mentions need refer back to Hipmunk's site. Also, I've titled these only with the name of the region you'll be writing about. Please title these with the ""Hipmunk Hotels: TKTKTK in CITYNAMES"" format found in the assignment directions and the style guide. Otherwise, this is standard Hipmunk blog work: let me know if you have any questions!",https://www.hipmunk.com/Hotels-in-Cleveland-OH,https://www.hipmunk.com/Hotels-in-Grand-Rapids-MI,https://www.hipmunk.com/Hotels-in-Rockford-IL,https://www.hipmunk.com/Hotels-in-Bismarck-ND,https://www.hipmunk.com/Hotels-in-Lincoln-NE
,,,,,hipmunk hotels midwest,"These 500-word Hipmunk Hotel articles should include all 5 destination links in 5 separate grafs about each destination. Hipmunk would like if we discussed hotels in each section; HOWEVER, only one or two of those hotel mentions need refer back to Hipmunk's site. Also, I've titled these only with the name of the region you'll be writing about. Please title these with the ""Hipmunk Hotels: TKTKTK in CITYNAMES"" format found in the assignment directions and the style guide. Otherwise, this is standard Hipmunk blog work: let me know if you have any questions!",https://www.hipmunk.com/Hotels-in-Bloomington-MN,https://www.hipmunk.com/Hotels-in-Minneapolis-MN,https://www.hipmunk.com/Hotels-in-Akron-OH,https://www.hipmunk.com/Hotels-in-Madison-WI,https://www.hipmunk.com/Hotels-in-Saint-George-UT
,,,,,hipmunk hotels midwest,"These 500-word Hipmunk Hotel articles should include all 5 destination links in 5 separate grafs about each destination. Hipmunk would like if we discussed hotels in each section; HOWEVER, only one or two of those hotel mentions need refer back to Hipmunk's site. Also, I've titled these only with the name of the region you'll be writing about. Please title these with the ""Hipmunk Hotels: TKTKTK in CITYNAMES"" format found in the assignment directions and the style guide. Otherwise, this is standard Hipmunk blog work: let me know if you have any questions!",https://www.hipmunk.com/Hotels-in-Omaha-NE,https://www.hipmunk.com/Hotels-in-Sioux-Falls-SD,https://www.hipmunk.com/Hotels-in-Madison-WI,https://www.hipmunk.com/Hotels-in-Park-City-UT,https://www.hipmunk.com/Hotels-in-Traverse-City-MI
,,,,,hipmunk hotels south,"These 500-word Hipmunk Hotel articles should include all 5 destination links in 5 separate grafs about each destination. Hipmunk would like if we discussed hotels in each section; HOWEVER, only one or two of those hotel mentions need refer back to Hipmunk's site. Also, I've titled these only with the name of the region you'll be writing about. Please title these with the ""Hipmunk Hotels: TKTKTK in CITYNAMES"" format found in the assignment directions and the style guide. Otherwise, this is standard Hipmunk blog work: let me know if you have any questions!",https://www.hipmunk.com/Hotels-in-Clearwater-Beach-FL,https://www.hipmunk.com/Hotels-in-South-Padre-Island-TX,https://www.hipmunk.com/Hotels-in-Virginia-Beach-VA,https://www.hipmunk.com/Hotels-in-Hilton-Head-Island-SC,https://www.hipmunk.com/Hotels-in-Daytona-Beach-FL
,,,,,hipmunk hotels california,"These 500-word Hipmunk Hotel articles should include all 5 destination links in 5 separate grafs about each destination. Hipmunk would like if we discussed hotels in each section; HOWEVER, only one or two of those hotel mentions need refer back to Hipmunk's site. Also, I've titled these only with the name of the region you'll be writing about. Please title these with the ""Hipmunk Hotels: TKTKTK in CITYNAMES"" format found in the assignment directions and the style guide. Otherwise, this is standard Hipmunk blog work: let me know if you have any questions!",https://www.hipmunk.com/Hotels-in-Sonoma-CA,https://www.hipmunk.com/Hotels-in-Ventura-CA,https://www.hipmunk.com/Hotels-in-Torrance-CA,https://www.hipmunk.com/Hotels-in-Santa-Barbara-CA,https://www.hipmunk.com/Hotels-in-Glendale-CA
,,,,,hipmunk hotels nevada,"These 500-word Hipmunk Hotel articles should include all 5 destination links in 5 separate grafs about each destination. Hipmunk would like if we discussed hotels in each section; HOWEVER, only one or two of those hotel mentions need refer back to Hipmunk's site. Also, I've titled these only with the name of the region you'll be writing about. Please title these with the ""Hipmunk Hotels: TKTKTK in CITYNAMES"" format found in the assignment directions and the style guide. Otherwise, this is standard Hipmunk blog work: let me know if you have any questions!",https://www.hipmunk.com/Hotels-in-Stateline-NV,https://www.hipmunk.com/Hotels-in-Henderson-NV,https://www.hipmunk.com/Hotels-in-Laughlin-NV,https://www.hipmunk.com/Hotels-in-Reno-NV,x
,,,,,hipmunk hotels midwest,"These 500-word Hipmunk Hotel articles should include all 5 destination links in 5 separate grafs about each destination. Hipmunk would like if we discussed hotels in each section; HOWEVER, only one or two of those hotel mentions need refer back to Hipmunk's site. Also, I've titled these only with the name of the region you'll be writing about. Please title these with the ""Hipmunk Hotels: TKTKTK in CITYNAMES"" format found in the assignment directions and the style guide. Otherwise, this is standard Hipmunk blog work: let me know if you have any questions!",https://www.hipmunk.com/Hotels-in-Detroit-MI,https://www.hipmunk.com/Hotels-in-Saint-Louis-MO,https://www.hipmunk.com/Hotels-in-Minneapolis-MN,https://www.hipmunk.com/Hotels-in-Traverse-City-MI,https://www.hipmunk.com/Hotels-in-Springfield-MO
,,,,,hipmunk hotels new england,"These 500-word Hipmunk Hotel articles should include all 5 destination links in 5 separate grafs about each destination. Hipmunk would like if we discussed hotels in each section; HOWEVER, only one or two of those hotel mentions need refer back to Hipmunk's site. Also, I've titled these only with the name of the region you'll be writing about. Please title these with the ""Hipmunk Hotels: TKTKTK in CITYNAMES"" format found in the assignment directions and the style guide. Otherwise, this is standard Hipmunk blog work: let me know if you have any questions!",https://www.hipmunk.com/Hotels-in-Newport-RI,https://www.hipmunk.com/Hotels-in-Newark-NJ,https://www.hipmunk.com/Hotels-in-East-Elmhurst-NY,https://www.hipmunk.com/Hotels-in-Pittsburgh-PA,https://www.hipmunk.com/Hotels-in-Braintree-MA
,,,,,hipmunk hotels midwest,"These 500-word Hipmunk Hotel articles should include all 5 destination links in 5 separate grafs about each destination. Hipmunk would like if we discussed hotels in each section; HOWEVER, only one or two of those hotel mentions need refer back to Hipmunk's site. Also, I've titled these only with the name of the region you'll be writing about. Please title these with the ""Hipmunk Hotels: TKTKTK in CITYNAMES"" format found in the assignment directions and the style guide. Otherwise, this is standard Hipmunk blog work: let me know if you have any questions!",https://www.hipmunk.com/Hotels-in-Rosemont-IL,https://www.hipmunk.com/Hotels-in-Peoria-IL,https://www.hipmunk.com/Hotels-in-Rockford-IL,https://www.hipmunk.com/Hotels-in-Cincinnati-OH,https://www.hipmunk.com/Hotels-in-Columbus-OH
,,,,,hipmunk hotels south,"These 500-word Hipmunk Hotel articles should include all 5 destination links in 5 separate grafs about each destination. Hipmunk would like if we discussed hotels in each section; HOWEVER, only one or two of those hotel mentions need refer back to Hipmunk's site. Also, I've titled these only with the name of the region you'll be writing about. Please title these with the ""Hipmunk Hotels: TKTKTK in CITYNAMES"" format found in the assignment directions and the style guide. Otherwise, this is standard Hipmunk blog work: let me know if you have any questions!",https://www.hipmunk.com/Hotels-in-Alexandria-VA,https://www.hipmunk.com/Hotels-in-Hot-Springs-Village-AR,https://www.hipmunk.com/Hotels-in-Augusta-GA,https://www.hipmunk.com/Hotels-in-Salisbury-MD,https://www.hipmunk.com/Hotels-in-Lafayette-LA
,,,,,hipmunk hotels california,"These 500-word Hipmunk Hotel articles should include all 5 destination links in 5 separate grafs about each destination. Hipmunk would like if we discussed hotels in each section; HOWEVER, only one or two of those hotel mentions need refer back to Hipmunk's site. Also, I've titled these only with the name of the region you'll be writing about. Please title these with the ""Hipmunk Hotels: TKTKTK in CITYNAMES"" format found in the assignment directions and the style guide. Otherwise, this is standard Hipmunk blog work: let me know if you have any questions!",https://www.hipmunk.com/Hotels-in-South-San-Francisco-CA,https://www.hipmunk.com/Hotels-in-Oakland-CA,https://www.hipmunk.com/Hotels-in-Roseville-CA,https://www.hipmunk.com/Hotels-in-San-Mateo-CA,https://www.hipmunk.com/Hotels-in-Universal-City-CA
,,,,,hipmunk hotels seaside,"These 500-word Hipmunk Hotel articles should include all 5 destination links in 5 separate grafs about each destination. Hipmunk would like if we discussed hotels in each section; HOWEVER, only one or two of those hotel mentions need refer back to Hipmunk's site. Also, I've titled these only with the name of the region you'll be writing about. Please title these with the ""Hipmunk Hotels: TKTKTK in CITYNAMES"" format found in the assignment directions and the style guide. Otherwise, this is standard Hipmunk blog work: let me know if you have any questions!",https://www.hipmunk.com/Hotels-in-Daytona-Beach-FL,https://www.hipmunk.com/Hotels-in-Huntington-Beach-CA,https://www.hipmunk.com/Hotels-in-Virginia-Beach-VA,https://www.hipmunk.com/Hotels-in-Marina-Del-Rey-CA,https://www.hipmunk.com/Hotels-in-Kailua-Kona-HI
,,,,,hipmunk hotels california,"These 500-word Hipmunk Hotel articles should include all 5 destination links in 5 separate grafs about each destination. Hipmunk would like if we discussed hotels in each section; HOWEVER, only one or two of those hotel mentions need refer back to Hipmunk's site. Also, I've titled these only with the name of the region you'll be writing about. Please title these with the ""Hipmunk Hotels: TKTKTK in CITYNAMES"" format found in the assignment directions and the style guide. Otherwise, this is standard Hipmunk blog work: let me know if you have any questions!",https://www.hipmunk.com/Hotels-in-Escondido-CA,https://www.hipmunk.com/Hotels-in-Carlsbad-CA,https://www.hipmunk.com/Hotels-in-San-Luis-Obispo-CA,https://www.hipmunk.com/Hotels-in-Orange-CA,https://www.hipmunk.com/Hotels-in-Monterey-CA
,,,,,hipmunk hotels new england,"These 500-word Hipmunk Hotel articles should include all 5 destination links in 5 separate grafs about each destination. Hipmunk would like if we discussed hotels in each section; HOWEVER, only one or two of those hotel mentions need refer back to Hipmunk's site. Also, I've titled these only with the name of the region you'll be writing about. Please title these with the ""Hipmunk Hotels: TKTKTK in CITYNAMES"" format found in the assignment directions and the style guide. Otherwise, this is standard Hipmunk blog work: let me know if you have any questions!",https://www.hipmunk.com/Hotels-in-Braintree-MA,https://www.hipmunk.com/Hotels-in-Rochester-NY,https://www.hipmunk.com/Hotels-in-Jersey-City-NJ,https://www.hipmunk.com/Hotels-in-Pittsburgh-PA,https://www.hipmunk.com/Hotels-in-East-Elmhurst-NY
,,,,,hipmunk hotels virginia,"These 500-word Hipmunk Hotel articles should include all 5 destination links in 5 separate grafs about each destination. Hipmunk would like if we discussed hotels in each section; HOWEVER, only one or two of those hotel mentions need refer back to Hipmunk's site. Also, I've titled these only with the name of the region you'll be writing about. Please title these with the ""Hipmunk Hotels: TKTKTK in CITYNAMES"" format found in the assignment directions and the style guide. Otherwise, this is standard Hipmunk blog work: let me know if you have any questions!",https://www.hipmunk.com/Hotels-in-Norfolk-VA,https://www.hipmunk.com/Hotels-in-Virginia-Beach-VA,https://www.hipmunk.com/Hotels-in-Sterling-VA,https://www.hipmunk.com/Hotels-in-Richmond-VA,https://www.hipmunk.com/Hotels-in-Newport-News-VA
,,,,,hipmunk hotels south,"These 500-word Hipmunk Hotel articles should include all 5 destination links in 5 separate grafs about each destination. Hipmunk would like if we discussed hotels in each section; HOWEVER, only one or two of those hotel mentions need refer back to Hipmunk's site. Also, I've titled these only with the name of the region you'll be writing about. Please title these with the ""Hipmunk Hotels: TKTKTK in CITYNAMES"" format found in the assignment directions and the style guide. Otherwise, this is standard Hipmunk blog work: let me know if you have any questions!",https://www.hipmunk.com/Hotels-in-Dover-DE,https://www.hipmunk.com/Hotels-in-Oklahoma-City-OK,https://www.hipmunk.com/Hotels-in-Biloxi-MS,https://www.hipmunk.com/Hotels-in-Tulsa-OK,https://www.hipmunk.com/Hotels-in-Tallahassee-FL
,,,,,hipmunk hotels south,"These 500-word Hipmunk Hotel articles should include all 5 destination links in 5 separate grafs about each destination. Hipmunk would like if we discussed hotels in each section; HOWEVER, only one or two of those hotel mentions need refer back to Hipmunk's site. Also, I've titled these only with the name of the region you'll be writing about. Please title these with the ""Hipmunk Hotels: TKTKTK in CITYNAMES"" format found in the assignment directions and the style guide. Otherwise, this is standard Hipmunk blog work: let me know if you have any questions!",https://www.hipmunk.com/Hotels-in-West-Palm-Beach-FL,https://www.hipmunk.com/Hotels-in-Dunwoody-GA,https://www.hipmunk.com/Hotels-in-Louisville-KY,https://www.hipmunk.com/Hotels-in-Baltimore-MD,https://www.hipmunk.com/Hotels-in-Durham-NC
,,,,,hipmunk hotels tennessee,"These 500-word Hipmunk Hotel articles should include all 5 destination links in 5 separate grafs about each destination. Hipmunk would like if we discussed hotels in each section; HOWEVER, only one or two of those hotel mentions need refer back to Hipmunk's site. Also, I've titled these only with the name of the region you'll be writing about. Please title these with the ""Hipmunk Hotels: TKTKTK in CITYNAMES"" format found in the assignment directions and the style guide. Otherwise, this is standard Hipmunk blog work: let me know if you have any questions!",https://www.hipmunk.com/Hotels-in-Pigeon-Forge-TN,https://www.hipmunk.com/Hotels-in-Gatlinburg-TN,https://www.hipmunk.com/Hotels-in-Knoxville-TN,https://www.hipmunk.com/Hotels-in-Memphis-TN,https://www.hipmunk.com/Hotels-in-Chattanooga-TN
,,,,,hipmunk hotels florida,"These 500-word Hipmunk Hotel articles should include all 5 destination links in 5 separate grafs about each destination. Hipmunk would like if we discussed hotels in each section; HOWEVER, only one or two of those hotel mentions need refer back to Hipmunk's site. Also, I've titled these only with the name of the region you'll be writing about. Please title these with the ""Hipmunk Hotels: TKTKTK in CITYNAMES"" format found in the assignment directions and the style guide. Otherwise, this is standard Hipmunk blog work: let me know if you have any questions!",https://www.hipmunk.com/Hotels-in-Sarasota-FL,https://www.hipmunk.com/Hotels-in-Gainesville-FL,https://www.hipmunk.com/Hotels-in-Fort-Myers-FL,https://www.hipmunk.com/Hotels-in-Panama-City-FL,https://www.hipmunk.com/Hotels-in-Tallahassee-FL