Task Name,Directions,Link,Link,Link,Link,Link
boutique hotels in the US Albuquerque,"These are your Boutique Hotels assignments. In the fields you'll find your 5 hotel links, which are either in a single city or state, depending on how many hotels we have available for a given location. Feel free to Google the hotels for more information! I've given these generic titles with the campaign + location to get you started: PLEASE vary your language so not every article has ""5 Hotels"" in the name, and also avoid using the exact name of the hotel for each header in the article. Read through the style guide and let me know if there are any concerns. Once it is Editor Approved you can publish and submit your link through this form: https://docs.google.com/a/steelcast.com/forms/d/1yy3ZCO3PxUTv_ZeiNVEw0AGdAX7w4lgyps9F8rtD2Eg/viewform Thanks everyone!",hipmunk.com/independent-hotels-in-albuquerque-nm_hotel-andaluz-509bfd7166edc84661014f74-reviews,hipmunk.com/independent-hotels-in-albuquerque-nm_nativo-lodge-509bfe9766edc84661022610-reviews,hipmunk.com/Independent-Hotels-in-Albuquerque-NM_Hotel-Cascada-5254d4a07f2c6c59ae00004d-Reviews,hipmunk.com/Independent-Hotels-in-Albuquerque-NM_MCM-Elegante-509bfe1f66edc8466101ce16-Reviews,hipmunk.com/Independent-Hotels-in-Albuquerque-NM_Clubhouse-Inn-Albuquerque-509bfea366edc84661022ced-Reviews
boutique hotels in the US Chicago,"These are your Boutique Hotels assignments. In the fields you'll find your 5 hotel links, which are either in a single city or state, depending on how many hotels we have available for a given location. Feel free to Google the hotels for more information! I've given these generic titles with the campaign + location to get you started: PLEASE vary your language so not every article has ""5 Hotels"" in the name, and also avoid using the exact name of the hotel for each header in the article. Read through the style guide and let me know if there are any concerns. Once it is Editor Approved you can publish and submit your link through this form: https://docs.google.com/a/steelcast.com/forms/d/1yy3ZCO3PxUTv_ZeiNVEw0AGdAX7w4lgyps9F8rtD2Eg/viewform Thanks everyone!",hipmunk.com/hotels-in-chicago-il/aloft-chicago-city-center-509c01b766edc84661049fb8-reviews,hipmunk.com/hotels-in-chicago-il/fairfield-inn-suites-chicago-downtownriver-north-509c024c66edc84661051a57-reviews,hipmunk.com/hotels-in-chicago-il/hilton-chicago-ohare-airport-509bfdaf66edc84661018274-reviews,hipmunk.com/independent-hotels-in-chicago-il_trump-international-hotel-tower-chicago-509bfe3766edc8466101e180-reviews,hipmunk.com/independent-hotels-in-chicago-il_millennium-knickerbocker-509bfdc766edc84661019276-reviews
boutique hotels in the US Texas,"These are your Boutique Hotels assignments. In the fields you'll find your 5 hotel links, which are either in a single city or state, depending on how many hotels we have available for a given location. Feel free to Google the hotels for more information! I've given these generic titles with the campaign + location to get you started: PLEASE vary your language so not every article has ""5 Hotels"" in the name, and also avoid using the exact name of the hotel for each header in the article. Read through the style guide and let me know if there are any concerns. Once it is Editor Approved you can publish and submit your link through this form: https://docs.google.com/a/steelcast.com/forms/d/1yy3ZCO3PxUTv_ZeiNVEw0AGdAX7w4lgyps9F8rtD2Eg/viewform Thanks everyone!",hipmunk.com/independent-hotels-in-el-paso-tx_camino-real-hotel-el-paso-509bfbff66edc8466100281b-reviews,hipmunk.com/hotels-in-austin-tx/hilton-austin-airport-509bfea466edc84661022d94-reviews,hipmunk.com/hotels-in-austin-tx/crowne-plaza-austin-509bfdd766edc8466101993c-reviews,hipmunk.com/hotels-in-austin-tx/hampton-inn-and-suites-austin-downtown-509bfe1e66edc8466101cdce-reviews,hipmunk.com/hotels-in-houston-tx/hilton-houston-post-oak-509bfdc366edc84661018ff3-reviews
boutique hotels in the US California,"These are your Boutique Hotels assignments. In the fields you'll find your 5 hotel links, which are either in a single city or state, depending on how many hotels we have available for a given location. Feel free to Google the hotels for more information! I've given these generic titles with the campaign + location to get you started: PLEASE vary your language so not every article has ""5 Hotels"" in the name, and also avoid using the exact name of the hotel for each header in the article. Read through the style guide and let me know if there are any concerns. Once it is Editor Approved you can publish and submit your link through this form: https://docs.google.com/a/steelcast.com/forms/d/1yy3ZCO3PxUTv_ZeiNVEw0AGdAX7w4lgyps9F8rtD2Eg/viewform Thanks everyone!",hipmunk.com/hotels-in-irvine-ca/hilton-irvine-orange-county-airport-509bfdfd66edc8466101b5d5-reviews,hipmunk.com/hotels-in-irvine-ca/wyndham-irvine-orange-county-airport-509bfdd466edc846610198a0-reviews,hipmunk.com/hotels-in-la-jolla-ca/hilton-la-jolla-torrey-pines-5257f8d87f2c6c2dd90002ca-reviews,hipmunk.com/independent-hotels-in-la-jolla-ca_the-lodge-at-torrey-pines-509bfdce66edc8466101945c-reviews,hipmunk.com/hotels-in-los-angeles-ca/the-standard-downtown-la-509bfdb966edc8466101898b-reviews
boutique hotels in the US California,"These are your Boutique Hotels assignments. In the fields you'll find your 5 hotel links, which are either in a single city or state, depending on how many hotels we have available for a given location. Feel free to Google the hotels for more information! I've given these generic titles with the campaign + location to get you started: PLEASE vary your language so not every article has ""5 Hotels"" in the name, and also avoid using the exact name of the hotel for each header in the article. Read through the style guide and let me know if there are any concerns. Once it is Editor Approved you can publish and submit your link through this form: https://docs.google.com/a/steelcast.com/forms/d/1yy3ZCO3PxUTv_ZeiNVEw0AGdAX7w4lgyps9F8rtD2Eg/viewform Thanks everyone!",hipmunk.com/independent-hotels-in-los-angeles-ca_miyako-hotel-los-angeles-509bfdc266edc84661018e82-reviews,hipmunk.com/independent-hotels-in-los-angeles-ca_stay-on-main-509bfd7166edc84661015008-reviews,hipmunk.com/hotels-in-monterey-ca/best-western-plus-victorian-inn-509bff2266edc84661028abb-reviews,hipmunk.com/hotels-in-oakland-ca/hilton-oakland-airport-509bfe3466edc8466101df5b-reviews,hipmunk.com/hotels-in-rancho-mirage-ca/westin-mission-hills-resort-villas-509bfdd066edc8466101954f-reviews
boutique hotels in the US Texas,"These are your Boutique Hotels assignments. In the fields you'll find your 5 hotel links, which are either in a single city or state, depending on how many hotels we have available for a given location. Feel free to Google the hotels for more information! I've given these generic titles with the campaign + location to get you started: PLEASE vary your language so not every article has ""5 Hotels"" in the name, and also avoid using the exact name of the hotel for each header in the article. Read through the style guide and let me know if there are any concerns. Once it is Editor Approved you can publish and submit your link through this form: https://docs.google.com/a/steelcast.com/forms/d/1yy3ZCO3PxUTv_ZeiNVEw0AGdAX7w4lgyps9F8rtD2Eg/viewform Thanks everyone!",hipmunk.com/hotels-in-austin-tx/hilton-austin-airport-509bfea466edc84661022d94-reviews,hipmunk.com/hotels-in-austin-tx/crowne-plaza-austin-509bfdd766edc8466101993c-reviews,hipmunk.com/hotels-in-austin-tx/hampton-inn-and-suites-austin-downtown-509bfe1e66edc8466101cdce-reviews,hipmunk.com/independent-hotels-in-el-paso-tx_camino-real-hotel-el-paso-509bfbff66edc8466100281b-reviews,hipmunk.com/hotels-in-houston-tx/hilton-houston-post-oak-509bfdc366edc84661018ff3-reviews
boutique hotels in the US Florida,"These are your Boutique Hotels assignments. In the fields you'll find your 5 hotel links, which are either in a single city or state, depending on how many hotels we have available for a given location. Feel free to Google the hotels for more information! I've given these generic titles with the campaign + location to get you started: PLEASE vary your language so not every article has ""5 Hotels"" in the name, and also avoid using the exact name of the hotel for each header in the article. Read through the style guide and let me know if there are any concerns. Once it is Editor Approved you can publish and submit your link through this form: https://docs.google.com/a/steelcast.com/forms/d/1yy3ZCO3PxUTv_ZeiNVEw0AGdAX7w4lgyps9F8rtD2Eg/viewform Thanks everyone!",hipmunk.com/hotels-in-key-west-fl/best-western-key-ambassador-resort-inn-509bfdc066edc84661018d58-reviews,hipmunk.com/hotels-in-miami-fl/conrad-miami-509c013066edc84661043704-reviews,hipmunk.com/hotels-in-miami-fl/doubletree-by-hilton-grand-hotel-biscayne-bay-509bfdce66edc84661019446-reviews,hipmunk.com/hotels-in-orlando-fl/sheraton-suites-orlando-airport-509bfbdb66edc84661000963-reviews,hipmunk.com/hotels-in-pensacola-beach-fl/springhill-suites-pensacola-beach-509bfbf466edc84661001fa3-reviews
boutique hotels in the US Pennsylvania,"These are your Boutique Hotels assignments. In the fields you'll find your 5 hotel links, which are either in a single city or state, depending on how many hotels we have available for a given location. Feel free to Google the hotels for more information! I've given these generic titles with the campaign + location to get you started: PLEASE vary your language so not every article has ""5 Hotels"" in the name, and also avoid using the exact name of the hotel for each header in the article. Read through the style guide and let me know if there are any concerns. Once it is Editor Approved you can publish and submit your link through this form: https://docs.google.com/a/steelcast.com/forms/d/1yy3ZCO3PxUTv_ZeiNVEw0AGdAX7w4lgyps9F8rtD2Eg/viewform Thanks everyone!",hipmunk.com/hotels-in-philadelphia-pa/four-points-by-sheraton-philadelphia-airport-509bfdc066edc84661018d6a-reviews,hipmunk.com/hotels-in-philadelphia-pa/microtel-inn-suites-by-wyndham-philadelphia-airport-509bfe3066edc8466101dca3-reviews,hipmunk.com/hotels-in-philadelphia-pa/sheraton-suites-philadelphia-airport-509c00fe66edc84661040e7e-reviews,hipmunk.com/hotels-in-pittsburgh-pa/renaissance-pittsburgh-hotel-509bfeda66edc84661025366-reviews,hipmunk.com/Independent-Hotels-in-Pittsburgh-PA_Red-Roof-PLUS-Pittsburgh-South-Airport-509bfd7266edc84661015035-Reviews
boutique hotels in the US Virginia,"These are your Boutique Hotels assignments. In the fields you'll find your 5 hotel links, which are either in a single city or state, depending on how many hotels we have available for a given location. Feel free to Google the hotels for more information! I've given these generic titles with the campaign + location to get you started: PLEASE vary your language so not every article has ""5 Hotels"" in the name, and also avoid using the exact name of the hotel for each header in the article. Read through the style guide and let me know if there are any concerns. Once it is Editor Approved you can publish and submit your link through this form: https://docs.google.com/a/steelcast.com/forms/d/1yy3ZCO3PxUTv_ZeiNVEw0AGdAX7w4lgyps9F8rtD2Eg/viewform Thanks everyone!",hipmunk.com/hotels-in-alexandria-va/crowne-plaza-old-town-alexandria-509bfdd766edc846610199a3-reviews,hipmunk.com/hotels-in-alexandria-va/hilton-alexandria-old-town-509bfdc366edc84661018f48-reviews,hipmunk.com/hotels-in-alexandria-va/the-westin-alexandria-509bff4566edc84661029f35-reviews,hipmunk.com/hotels-in-arlington-va/holiday-inn-national-airport-crystal-city-509bfdf666edc8466101b02f-reviews,hipmunk.com/hotels-in-arlington-va/holiday-inn-rosslyn-at-key-bridge-509bfdd266edc84661019680-reviews
boutique hotels in the US Georgia,"These are your Boutique Hotels assignments. In the fields you'll find your 5 hotel links, which are either in a single city or state, depending on how many hotels we have available for a given location. Feel free to Google the hotels for more information! I've given these generic titles with the campaign + location to get you started: PLEASE vary your language so not every article has ""5 Hotels"" in the name, and also avoid using the exact name of the hotel for each header in the article. Read through the style guide and let me know if there are any concerns. Once it is Editor Approved you can publish and submit your link through this form: https://docs.google.com/a/steelcast.com/forms/d/1yy3ZCO3PxUTv_ZeiNVEw0AGdAX7w4lgyps9F8rtD2Eg/viewform Thanks everyone!",hipmunk.com/hotels-in-atlanta-ga/atlanta-marriott-suites-midtown-509bfdc466edc846610190ce-reviews,hipmunk.com/hotels-in-atlanta-ga/hyatt-atlanta-midtown-509bfdd166edc84661019636-reviews,hipmunk.com/hotels-in-atlanta-ga/intercontinental-buckhead-509bfdcf66edc8466101952d-reviews,hipmunk.com/independent-hotels-in-savannah-ga_the-marshall-house-509bfee966edc84661025ef2-reviews,hipmunk.com/Independent-Hotels-in-Braselton-GA_Chateau-Elan-509bfe7166edc84661020857-Reviews
boutique hotels in the US Washington,"These are your Boutique Hotels assignments. In the fields you'll find your 5 hotel links, which are either in a single city or state, depending on how many hotels we have available for a given location. Feel free to Google the hotels for more information! I've given these generic titles with the campaign + location to get you started: PLEASE vary your language so not every article has ""5 Hotels"" in the name, and also avoid using the exact name of the hotel for each header in the article. Read through the style guide and let me know if there are any concerns. Once it is Editor Approved you can publish and submit your link through this form: https://docs.google.com/a/steelcast.com/forms/d/1yy3ZCO3PxUTv_ZeiNVEw0AGdAX7w4lgyps9F8rtD2Eg/viewform Thanks everyone!",hipmunk.com/hotels-in-sea-tac-wa/doubletree-by-hilton-seattle-airport-509bfdd366edc84661019747-reviews,hipmunk.com/hotels-in-seattle-wa/quality-inn-suites-hotel-seattle-center-509bfcc866edc8466100c71c-reviews,hipmunk.com/hotels-in-spokane-wa/doubletree-by-hilton-spokane-city-center-509bfede66edc84661025606-reviews,hipmunk.com/independent-hotels-in-seattle-wa_mayflower-park-hotel-509bff4b66edc8466102a3f1-reviews,hipmunk.com/hotels-in-sea-tac-wa/seattle-airport-marriott-509bfdcc66edc84661019337-reviews
boutique hotels in the US Maryland,"These are your Boutique Hotels assignments. In the fields you'll find your 5 hotel links, which are either in a single city or state, depending on how many hotels we have available for a given location. Feel free to Google the hotels for more information! I've given these generic titles with the campaign + location to get you started: PLEASE vary your language so not every article has ""5 Hotels"" in the name, and also avoid using the exact name of the hotel for each header in the article. Read through the style guide and let me know if there are any concerns. Once it is Editor Approved you can publish and submit your link through this form: https://docs.google.com/a/steelcast.com/forms/d/1yy3ZCO3PxUTv_ZeiNVEw0AGdAX7w4lgyps9F8rtD2Eg/viewform Thanks everyone!",hipmunk.com/independent-hotels-in-newport-coast-ca_the-resort-at-pelican-hill-509bff2b66edc846610291e8-reviews,hipmunk.com/hotels-in-baltimore-md/best-western-plus-hotel-conference-center-509c00e666edc8466103fe8d-reviews,hipmunk.com/hotels-in-bethesda-md/hyatt-regency-bethesda-509bff0466edc84661027385-reviews,hipmunk.com/independent-hotels-in-newport-coast-ca_the-resort-at-pelican-hill-509bff2b66edc846610291e8-reviews,hipmunk.com/independent-hotels-in-baltimore-md_hotel-monaco-baltimore-a-kimpton-hotel-509bfdc766edc846610192df-reviews
boutique hotels in the US California,"These are your Boutique Hotels assignments. In the fields you'll find your 5 hotel links, which are either in a single city or state, depending on how many hotels we have available for a given location. Feel free to Google the hotels for more information! I've given these generic titles with the campaign + location to get you started: PLEASE vary your language so not every article has ""5 Hotels"" in the name, and also avoid using the exact name of the hotel for each header in the article. Read through the style guide and let me know if there are any concerns. Once it is Editor Approved you can publish and submit your link through this form: https://docs.google.com/a/steelcast.com/forms/d/1yy3ZCO3PxUTv_ZeiNVEw0AGdAX7w4lgyps9F8rtD2Eg/viewform Thanks everyone!",hipmunk.com/independent-hotels-in-anaheim-ca_alamo-inn-suites-509bfe6466edc84661020215-reviews,hipmunk.com/hotels-in-anaheim-ca/doubletree-suites-by-hilton-anaheim-rsrt-conv-cntr-50edd8b6bb290e795c0000ca-reviews,hipmunk.com/hotels-in-burlingame-ca/embassy-suites-san-francisco-airport-waterfront-509bfea666edc84661022ee5-reviews,hipmunk.com/hotels-in-costa-mesa-ca/costa-mesa-marriott-509bfdcf66edc846610194fd-reviews,hipmunk.com/independent-hotels-in-costa-mesa-ca_ayres-hotel-suites-costa-mesanewport-beach-509bfd7466edc846610151bf-reviews
boutique hotels in the US Florida,"These are your Boutique Hotels assignments. In the fields you'll find your 5 hotel links, which are either in a single city or state, depending on how many hotels we have available for a given location. Feel free to Google the hotels for more information! I've given these generic titles with the campaign + location to get you started: PLEASE vary your language so not every article has ""5 Hotels"" in the name, and also avoid using the exact name of the hotel for each header in the article. Read through the style guide and let me know if there are any concerns. Once it is Editor Approved you can publish and submit your link through this form: https://docs.google.com/a/steelcast.com/forms/d/1yy3ZCO3PxUTv_ZeiNVEw0AGdAX7w4lgyps9F8rtD2Eg/viewform Thanks everyone!",hipmunk.com/independent-hotels-in-clearwater-beach-fl_sandpearl-resort-509bfdbf66edc84661018c53-reviews,hipmunk.com/independent-hotels-in-daytona-beach-fl_mayan-inn-daytona-beach-509c013066edc84661043703-reviews,hipmunk.com/hotels-in-miami-fl/conrad-miami-509c013066edc84661043704-reviews,hipmunk.com/hotels-in-miami-beach-fl/shelborne-wyndham-grand-south-beach-509c013066edc846610436ea-reviews,hipmunk.com/hotels-in-orlando-fl/sheraton-suites-orlando-airport-509bfbdb66edc84661000963-reviews
boutique hotels in the US Virginia,"These are your Boutique Hotels assignments. In the fields you'll find your 5 hotel links, which are either in a single city or state, depending on how many hotels we have available for a given location. Feel free to Google the hotels for more information! I've given these generic titles with the campaign + location to get you started: PLEASE vary your language so not every article has ""5 Hotels"" in the name, and also avoid using the exact name of the hotel for each header in the article. Read through the style guide and let me know if there are any concerns. Once it is Editor Approved you can publish and submit your link through this form: https://docs.google.com/a/steelcast.com/forms/d/1yy3ZCO3PxUTv_ZeiNVEw0AGdAX7w4lgyps9F8rtD2Eg/viewform Thanks everyone!",hipmunk.com/hotels-in-alexandria-va/hilton-alexandria-old-town-509bfdc366edc84661018f48-reviews,hipmunk.com/hotels-in-arlington-va/holiday-inn-national-airport-crystal-city-509bfdf666edc8466101b02f-reviews,hipmunk.com/hotels-in-arlington-va/holiday-inn-rosslyn-at-key-bridge-509bfdd266edc84661019680-reviews,hipmunk.com/hotels-in-richmond-va/richmond-marriott-509bfc1566edc84661003aa5-reviews,hipmunk.com/hotels-in-alexandria-va/the-westin-alexandria-509bff4566edc84661029f35-reviews
boutique hotels in the US California,"These are your Boutique Hotels assignments. In the fields you'll find your 5 hotel links, which are either in a single city or state, depending on how many hotels we have available for a given location. Feel free to Google the hotels for more information! I've given these generic titles with the campaign + location to get you started: PLEASE vary your language so not every article has ""5 Hotels"" in the name, and also avoid using the exact name of the hotel for each header in the article. Read through the style guide and let me know if there are any concerns. Once it is Editor Approved you can publish and submit your link through this form: https://docs.google.com/a/steelcast.com/forms/d/1yy3ZCO3PxUTv_ZeiNVEw0AGdAX7w4lgyps9F8rtD2Eg/viewform Thanks everyone!",hipmunk.com/independent-hotels-in-anaheim-ca_alamo-inn-suites-509bfe6466edc84661020215-reviews,hipmunk.com/independent-hotels-in-anaheim-ca_la-quinta-inn-suites-anaheim-509bfdcf66edc84661019524-reviews,hipmunk.com/hotels-in-anaheim-ca/doubletree-suites-by-hilton-anaheim-rsrt-conv-cntr-50edd8b6bb290e795c0000ca-reviews,hipmunk.com/hotels-in-costa-mesa-ca/costa-mesa-marriott-509bfdcf66edc846610194fd-reviews,hipmunk.com/hotels-in-irvine-ca/hilton-irvine-orange-county-airport-509bfdfd66edc8466101b5d5-reviews
boutique hotels in the US Florida,"These are your Boutique Hotels assignments. In the fields you'll find your 5 hotel links, which are either in a single city or state, depending on how many hotels we have available for a given location. Feel free to Google the hotels for more information! I've given these generic titles with the campaign + location to get you started: PLEASE vary your language so not every article has ""5 Hotels"" in the name, and also avoid using the exact name of the hotel for each header in the article. Read through the style guide and let me know if there are any concerns. Once it is Editor Approved you can publish and submit your link through this form: https://docs.google.com/a/steelcast.com/forms/d/1yy3ZCO3PxUTv_ZeiNVEw0AGdAX7w4lgyps9F8rtD2Eg/viewform Thanks everyone!",hipmunk.com/hotels-in-key-west-fl/best-western-key-ambassador-resort-inn-509bfdc066edc84661018d58-reviews,hipmunk.com/hotels-in-miami-fl/the-ritz-carlton-coconut-grove-miami-509bfefb66edc84661026b74-reviews,hipmunk.com/hotels-in-miami-fl/doubletree-by-hilton-grand-hotel-biscayne-bay-509bfdce66edc84661019446-reviews,hipmunk.com/hotels-in-orlando-fl/sheraton-suites-orlando-airport-509bfbdb66edc84661000963-reviews,hipmunk.com/hotels-in-miami-beach-fl/shelborne-wyndham-grand-south-beach-509c013066edc846610436ea-reviews
boutique hotels in the US Texas,"These are your Boutique Hotels assignments. In the fields you'll find your 5 hotel links, which are either in a single city or state, depending on how many hotels we have available for a given location. Feel free to Google the hotels for more information! I've given these generic titles with the campaign + location to get you started: PLEASE vary your language so not every article has ""5 Hotels"" in the name, and also avoid using the exact name of the hotel for each header in the article. Read through the style guide and let me know if there are any concerns. Once it is Editor Approved you can publish and submit your link through this form: https://docs.google.com/a/steelcast.com/forms/d/1yy3ZCO3PxUTv_ZeiNVEw0AGdAX7w4lgyps9F8rtD2Eg/viewform Thanks everyone!",hipmunk.com/hotels-in-austin-tx/hilton-austin-airport-509bfea466edc84661022d94-reviews,hipmunk.com/hotels-in-austin-tx/crowne-plaza-austin-509bfdd766edc8466101993c-reviews,hipmunk.com/hotels-in-austin-tx/hampton-inn-and-suites-austin-downtown-509bfe1e66edc8466101cdce-reviews,hipmunk.com/hotels-in-houston-tx/hilton-houston-post-oak-509bfdc366edc84661018ff3-reviews,hipmunk.com/hotels-in-houston-tx/hilton-americas-houston-509bfea966edc8466102318f-reviews
boutique hotels in the US North Carolina,"These are your Boutique Hotels assignments. In the fields you'll find your 5 hotel links, which are either in a single city or state, depending on how many hotels we have available for a given location. Feel free to Google the hotels for more information! I've given these generic titles with the campaign + location to get you started: PLEASE vary your language so not every article has ""5 Hotels"" in the name, and also avoid using the exact name of the hotel for each header in the article. Read through the style guide and let me know if there are any concerns. Once it is Editor Approved you can publish and submit your link through this form: https://docs.google.com/a/steelcast.com/forms/d/1yy3ZCO3PxUTv_ZeiNVEw0AGdAX7w4lgyps9F8rtD2Eg/viewform Thanks everyone!",hipmunk.com/hotels-in-asheville-nc/crowne-plaza-resort-asheville-509bfdbf66edc84661018cfb-reviews,hipmunk.com/independent-hotels-in-charlotte-nc_the-dunhill-hotel-509bff4466edc84661029e8a-reviews,hipmunk.com/hotels-in-durham-nc/hilton-durham-near-duke-university-509bfed566edc84661024ec8-reviews,hipmunk.com/independent-hotels-in-durham-nc_washington-duke-inn-golf-club-509bfe2b66edc8466101d87c-reviews,hipmunk.com/independent-hotels-in-greensboro-nc_ohenry-hotel-509bfbdc66edc84661000a7c-reviews
boutique hotels in the US North Carolina,"These are your Boutique Hotels assignments. In the fields you'll find your 5 hotel links, which are either in a single city or state, depending on how many hotels we have available for a given location. Feel free to Google the hotels for more information! I've given these generic titles with the campaign + location to get you started: PLEASE vary your language so not every article has ""5 Hotels"" in the name, and also avoid using the exact name of the hotel for each header in the article. Read through the style guide and let me know if there are any concerns. Once it is Editor Approved you can publish and submit your link through this form: https://docs.google.com/a/steelcast.com/forms/d/1yy3ZCO3PxUTv_ZeiNVEw0AGdAX7w4lgyps9F8rtD2Eg/viewform Thanks everyone!",hipmunk.com/hotels-in-asheville-nc/crowne-plaza-resort-asheville-509bfdbf66edc84661018cfb-reviews,hipmunk.com/independent-hotels-in-greensboro-nc_ohenry-hotel-509bfbdc66edc84661000a7c-reviews,hipmunk.com/independent-hotels-in-greensboro-nc_proximity-hotel-509bff2466edc84661028be6-reviews,hipmunk.com/Independent-Hotels-in-Blowing-Rock-NC_Cliff-Dwellers-Inn-509bfe3b66edc8466101e4ab-Reviews,hipmunk.com/Independent-Hotels-in-Boone-NC_The-Inn-at-Crestwood-509c000566edc8466103397a-Reviews
boutique hotels in the US California,"These are your Boutique Hotels assignments. In the fields you'll find your 5 hotel links, which are either in a single city or state, depending on how many hotels we have available for a given location. Feel free to Google the hotels for more information! I've given these generic titles with the campaign + location to get you started: PLEASE vary your language so not every article has ""5 Hotels"" in the name, and also avoid using the exact name of the hotel for each header in the article. Read through the style guide and let me know if there are any concerns. Once it is Editor Approved you can publish and submit your link through this form: https://docs.google.com/a/steelcast.com/forms/d/1yy3ZCO3PxUTv_ZeiNVEw0AGdAX7w4lgyps9F8rtD2Eg/viewform Thanks everyone!",hipmunk.com/independent-hotels-in-anaheim-ca_alamo-inn-suites-509bfe6466edc84661020215-reviews,hipmunk.com/independent-hotels-in-anaheim-ca_la-quinta-inn-suites-anaheim-509bfdcf66edc84661019524-reviews,hipmunk.com/hotels-in-anaheim-ca/sheraton-park-hotel-at-the-anaheim-resort-509c01f266edc8466104d11e-reviews,hipmunk.com/hotels-in-burlingame-ca/embassy-suites-san-francisco-airport-waterfront-509bfea666edc84661022ee5-reviews,hipmunk.com/hotels-in-hollywood-ca/motel-6-los-angeles-hollywood-509bfd9966edc84661016e7f-reviews
boutique hotels in the US Hawaii,"These are your Boutique Hotels assignments. In the fields you'll find your 5 hotel links, which are either in a single city or state, depending on how many hotels we have available for a given location. Feel free to Google the hotels for more information! I've given these generic titles with the campaign + location to get you started: PLEASE vary your language so not every article has ""5 Hotels"" in the name, and also avoid using the exact name of the hotel for each header in the article. Read through the style guide and let me know if there are any concerns. Once it is Editor Approved you can publish and submit your link through this form: https://docs.google.com/a/steelcast.com/forms/d/1yy3ZCO3PxUTv_ZeiNVEw0AGdAX7w4lgyps9F8rtD2Eg/viewform Thanks everyone!",hipmunk.com/independent-hotels-in-honolulu-hi_aqua-aloha-surf-waikiki-509bfd4c66edc84661013149-reviews,hipmunk.com/independent-hotels-in-honolulu-hi_aqua-waikiki-wave-509bfe8c66edc84661021d31-reviews,hipmunk.com/independent-hotels-in-honolulu-hi_hawaii-prince-hotel-waikiki-509c00dd66edc8466103f885-reviews,hipmunk.com/independent-hotels-in-honolulu-hi_maile-sky-court-509c024566edc8466105145e-reviews,hipmunk.com/independent-hotels-in-kahului-hi_maui-beach-hotel-509bfe6266edc84661020110-reviews
boutique hotels in the US Hawaii,"These are your Boutique Hotels assignments. In the fields you'll find your 5 hotel links, which are either in a single city or state, depending on how many hotels we have available for a given location. Feel free to Google the hotels for more information! I've given these generic titles with the campaign + location to get you started: PLEASE vary your language so not every article has ""5 Hotels"" in the name, and also avoid using the exact name of the hotel for each header in the article. Read through the style guide and let me know if there are any concerns. Once it is Editor Approved you can publish and submit your link through this form: https://docs.google.com/a/steelcast.com/forms/d/1yy3ZCO3PxUTv_ZeiNVEw0AGdAX7w4lgyps9F8rtD2Eg/viewform Thanks everyone!",hipmunk.com/independent-hotels-in-honolulu-hi_aqua-aloha-surf-waikiki-509bfd4c66edc84661013149-reviews,hipmunk.com/independent-hotels-in-honolulu-hi_maile-sky-court-509c024566edc8466105145e-reviews,hipmunk.com/independent-hotels-in-honolulu-hi_aqua-waikiki-wave-509bfe8c66edc84661021d31-reviews,hipmunk.com/independent-hotels-in-honolulu-hi_hawaii-prince-hotel-waikiki-509c00dd66edc8466103f885-reviews,hipmunk.com/independent-hotels-in-kahului-hi_maui-beach-hotel-509bfe6266edc84661020110-reviews
boutique hotels in the US Texas,"These are your Boutique Hotels assignments. In the fields you'll find your 5 hotel links, which are either in a single city or state, depending on how many hotels we have available for a given location. Feel free to Google the hotels for more information! I've given these generic titles with the campaign + location to get you started: PLEASE vary your language so not every article has ""5 Hotels"" in the name, and also avoid using the exact name of the hotel for each header in the article. Read through the style guide and let me know if there are any concerns. Once it is Editor Approved you can publish and submit your link through this form: https://docs.google.com/a/steelcast.com/forms/d/1yy3ZCO3PxUTv_ZeiNVEw0AGdAX7w4lgyps9F8rtD2Eg/viewform Thanks everyone!",hipmunk.com/hotels-in-lubbock-tx/embassy-suites-lubbock-509bfe7f66edc846610213a3-reviews,hipmunk.com/hotels-in-austin-tx/hilton-austin-airport-509bfea466edc84661022d94-reviews,hipmunk.com/hotels-in-dallas-tx/sheraton-dallas-hotel-by-the-galleria-509bfdd366edc8466101977f-reviews,hipmunk.com/hotels-in-dallas-tx/sheraton-suites-market-center-509bfe4066edc8466101e853-reviews,hipmunk.com/independent-hotels-in-houston-tx_omni-houston-hotel-509bfdbf66edc84661018d09-reviews
boutique hotels in the US Minnesota,"These are your Boutique Hotels assignments. In the fields you'll find your 5 hotel links, which are either in a single city or state, depending on how many hotels we have available for a given location. Feel free to Google the hotels for more information! I've given these generic titles with the campaign + location to get you started: PLEASE vary your language so not every article has ""5 Hotels"" in the name, and also avoid using the exact name of the hotel for each header in the article. Read through the style guide and let me know if there are any concerns. Once it is Editor Approved you can publish and submit your link through this form: https://docs.google.com/a/steelcast.com/forms/d/1yy3ZCO3PxUTv_ZeiNVEw0AGdAX7w4lgyps9F8rtD2Eg/viewform Thanks everyone!",hipmunk.com/hotels-in-bloomington-mn/hyatt-place-minneapolis-airport-south-509bfdd266edc846610196ff-reviews,hipmunk.com/hotels-in-duluth-mn/hampton-inn-duluth-canal-park-509bfcbd66edc8466100bddd-reviews,hipmunk.com/hotels-in-duluth-mn/holiday-inn-suites-duluth-downtown-509bfdf766edc8466101b127-reviews,hipmunk.com/hotels-in-minneapolis-mn/aloft-minneapolis-509bfea766edc84661023010-reviews,hipmunk.com/independent-hotels-in-minneapolis-mn_holiday-inn-express-hotel-suites-downtown-minneapolis-509c00e666edc8466103fe56-reviews
boutique hotels in the US Colorado,"These are your Boutique Hotels assignments. In the fields you'll find your 5 hotel links, which are either in a single city or state, depending on how many hotels we have available for a given location. Feel free to Google the hotels for more information! I've given these generic titles with the campaign + location to get you started: PLEASE vary your language so not every article has ""5 Hotels"" in the name, and also avoid using the exact name of the hotel for each header in the article. Read through the style guide and let me know if there are any concerns. Once it is Editor Approved you can publish and submit your link through this form: https://docs.google.com/a/steelcast.com/forms/d/1yy3ZCO3PxUTv_ZeiNVEw0AGdAX7w4lgyps9F8rtD2Eg/viewform Thanks everyone!",hipmunk.com/independent-hotels-in-aspen-co_limelight-hotel-aspen-52557c7d7f2c6c041300026b-reviews,hipmunk.com/independent-hotels-in-denver-co_magnolia-hotel-denver-509bfdd366edc84661019745-reviews,hipmunk.com/hotels-in-durango-co/doubletree-by-hilton-durango-509bfef466edc8466102657a-reviews,hipmunk.com/Independent-Hotels-in-Aspen-CO_Aspen-Mountain-Lodge-509bfc6f66edc84661008432-Reviews,hipmunk.com/Independent-Hotels-in-Aspen-CO_Sky-Hotel-a-Kimpton-Hotel-509bfe1566edc8466101c71d-Reviews
boutique hotels in the US Illinois,"These are your Boutique Hotels assignments. In the fields you'll find your 5 hotel links, which are either in a single city or state, depending on how many hotels we have available for a given location. Feel free to Google the hotels for more information! I've given these generic titles with the campaign + location to get you started: PLEASE vary your language so not every article has ""5 Hotels"" in the name, and also avoid using the exact name of the hotel for each header in the article. Read through the style guide and let me know if there are any concerns. Once it is Editor Approved you can publish and submit your link through this form: https://docs.google.com/a/steelcast.com/forms/d/1yy3ZCO3PxUTv_ZeiNVEw0AGdAX7w4lgyps9F8rtD2Eg/viewform Thanks everyone!",hipmunk.com/Independent-Hotels-in-East-St-Louis-IL_Casino-Queen-Hotel-509bfea366edc84661022cf0-Reviews,hipmunk.com/Independent-Hotels-in-Galena-IL_Eagle-Ridge-Resort-and-Spa-509bfbcd66edc8466100003c-Reviews,hipmunk.com/independent-hotels-in-willowbrook-il_the-champagne-lodge-luxury-suites-509bfc2566edc846610046fa-reviews,hipmunk.com/hotels-in-rosemont-il/hyatt-rosemont-near-ohare-509bff2766edc84661028e9a-reviews,hipmunk.com/independent-hotels-in-chicago-il_chicago-getaway-hostel-509bfdc566edc846610190e5-reviews
boutique hotels in the US New York,"These are your Boutique Hotels assignments. In the fields you'll find your 5 hotel links, which are either in a single city or state, depending on how many hotels we have available for a given location. Feel free to Google the hotels for more information! I've given these generic titles with the campaign + location to get you started: PLEASE vary your language so not every article has ""5 Hotels"" in the name, and also avoid using the exact name of the hotel for each header in the article. Read through the style guide and let me know if there are any concerns. Once it is Editor Approved you can publish and submit your link through this form: https://docs.google.com/a/steelcast.com/forms/d/1yy3ZCO3PxUTv_ZeiNVEw0AGdAX7w4lgyps9F8rtD2Eg/viewform Thanks everyone!",hipmunk.com/hotels-in-jamaica-ny/sheraton-jfk-airport-hotel-510b139ca0a99444dd00000c-reviews,hipmunk.com/independent-hotels-in-milton-ny_buttermilk-falls-inn-509c000e66edc84661033f82-reviews,hipmunk.com/hotels-in-new-york-city-ny/w-new-york-times-square-509c011766edc846610422ad-reviews,hipmunk.com/hotels-in-new-york-city-ny/the-lexington-new-york-city-autograph-collection-509bfdbd66edc84661018b57-reviews,hipmunk.com/Independent-Hotels-in-Glen-Cove-NY_Glen-Cove-Mansion-Hotel-509bff3666edc8466102999b-Reviews
boutique hotels in the US Washington,"These are your Boutique Hotels assignments. In the fields you'll find your 5 hotel links, which are either in a single city or state, depending on how many hotels we have available for a given location. Feel free to Google the hotels for more information! I've given these generic titles with the campaign + location to get you started: PLEASE vary your language so not every article has ""5 Hotels"" in the name, and also avoid using the exact name of the hotel for each header in the article. Read through the style guide and let me know if there are any concerns. Once it is Editor Approved you can publish and submit your link through this form: https://docs.google.com/a/steelcast.com/forms/d/1yy3ZCO3PxUTv_ZeiNVEw0AGdAX7w4lgyps9F8rtD2Eg/viewform Thanks everyone!",hipmunk.com/hotels-in-spokane-wa/doubletree-by-hilton-spokane-city-center-509bfede66edc84661025606-reviews,hipmunk.com/independent-hotels-in-stevenson-wa_skamania-lodge-destination-hotels-resorts-509bfdfd66edc8466101b55a-reviews,hipmunk.com/hotels-in-sea-tac-wa/doubletree-by-hilton-seattle-airport-509bfdd366edc84661019747-reviews,hipmunk.com/hotels-in-sea-tac-wa/seattle-airport-marriott-509bfdcc66edc84661019337-reviews,hipmunk.com/independent-hotels-in-seattle-wa_mayflower-park-hotel-509bff4b66edc8466102a3f1-reviews
boutique hotels in the US Arizona,"These are your Boutique Hotels assignments. In the fields you'll find your 5 hotel links, which are either in a single city or state, depending on how many hotels we have available for a given location. Feel free to Google the hotels for more information! I've given these generic titles with the campaign + location to get you started: PLEASE vary your language so not every article has ""5 Hotels"" in the name, and also avoid using the exact name of the hotel for each header in the article. Read through the style guide and let me know if there are any concerns. Once it is Editor Approved you can publish and submit your link through this form: https://docs.google.com/a/steelcast.com/forms/d/1yy3ZCO3PxUTv_ZeiNVEw0AGdAX7w4lgyps9F8rtD2Eg/viewform Thanks everyone!",hipmunk.com/hotels-in-grand-canyon-az/best-western-premier-grand-canyon-squire-inn-509c00f866edc846610408e9-reviews,hipmunk.com/independent-hotels-in-paradise-valley-az_omni-scottsdale-resort-spa-at-montelucia-509bfdc466edc84661019095-reviews,hipmunk.com/hotels-in-scottsdale-az/scottsdale-marriott-at-mcdowell-mountains-5255325b7f2c6c15c3000143-reviews,hipmunk.com/independent-hotels-in-scottsdale-az_hotel-indigo-scottsdale-509bfdc166edc84661018e1a-reviews,hipmunk.com/Independent-Hotels-in-Grand-Canyon-AZ_The-Grand-Hotel-at-the-Grand-Canyon-50ed3003bb290e2daf00003c-Reviews
boutique hotels in the US Massachusetts,"These are your Boutique Hotels assignments. In the fields you'll find your 5 hotel links, which are either in a single city or state, depending on how many hotels we have available for a given location. Feel free to Google the hotels for more information! I've given these generic titles with the campaign + location to get you started: PLEASE vary your language so not every article has ""5 Hotels"" in the name, and also avoid using the exact name of the hotel for each header in the article. Read through the style guide and let me know if there are any concerns. Once it is Editor Approved you can publish and submit your link through this form: https://docs.google.com/a/steelcast.com/forms/d/1yy3ZCO3PxUTv_ZeiNVEw0AGdAX7w4lgyps9F8rtD2Eg/viewform Thanks everyone!",hipmunk.com/hotels-in-boston-ma/hampton-inn-suites-boston-crosstown-center-509bfc4566edc846610060b3-reviews,hipmunk.com/independent-hotels-in-boston-ma_hotel-commonwealth-509bff2766edc84661028efd-reviews,hipmunk.com/independent-hotels-in-boston-ma_millennium-bostonian-hotel-boston-509bfdbf66edc84661018c8b-reviews,hipmunk.com/hotels-in-cambridge-ma/boston-marriott-cambridge-509bfdc366edc84661018f64-reviews,hipmunk.com/hotels-in-cambridge-ma/courtyard-by-marriott-boston-cambridge-509bfee466edc84661025b33-reviews
boutique hotels in the US Pennsylvania,"These are your Boutique Hotels assignments. In the fields you'll find your 5 hotel links, which are either in a single city or state, depending on how many hotels we have available for a given location. Feel free to Google the hotels for more information! I've given these generic titles with the campaign + location to get you started: PLEASE vary your language so not every article has ""5 Hotels"" in the name, and also avoid using the exact name of the hotel for each header in the article. Read through the style guide and let me know if there are any concerns. Once it is Editor Approved you can publish and submit your link through this form: https://docs.google.com/a/steelcast.com/forms/d/1yy3ZCO3PxUTv_ZeiNVEw0AGdAX7w4lgyps9F8rtD2Eg/viewform Thanks everyone!",hipmunk.com/independent-hotels-in-bensalem-pa_inn-of-the-dove-509bfed966edc8466102522c-reviews,hipmunk.com/hotels-in-pittsburgh-pa/fairmont-pittsburgh-509bfebc66edc84661023d41-reviews,hipmunk.com/hotels-in-king-of-prussia-pa/doubletree-by-hilton-hotel-philadelphia-valley-forge-509c01b966edc8466104a1d1-reviews,hipmunk.com/independent-hotels-in-mount-pocono-pa_mount-airy-casino-and-resort-525582c77f2c6c16e100014f-reviews,hipmunk.com/hotels-in-philadelphia-pa/four-points-by-sheraton-philadelphia-airport-509bfdc066edc84661018d6a-reviews
boutique hotels in the US Pennsylvania,"These are your Boutique Hotels assignments. In the fields you'll find your 5 hotel links, which are either in a single city or state, depending on how many hotels we have available for a given location. Feel free to Google the hotels for more information! I've given these generic titles with the campaign + location to get you started: PLEASE vary your language so not every article has ""5 Hotels"" in the name, and also avoid using the exact name of the hotel for each header in the article. Read through the style guide and let me know if there are any concerns. Once it is Editor Approved you can publish and submit your link through this form: https://docs.google.com/a/steelcast.com/forms/d/1yy3ZCO3PxUTv_ZeiNVEw0AGdAX7w4lgyps9F8rtD2Eg/viewform Thanks everyone!",hipmunk.com/independent-hotels-in-bensalem-pa_inn-of-the-dove-509bfed966edc8466102522c-reviews,hipmunk.com/hotels-in-pittsburgh-pa/fairmont-pittsburgh-509bfebc66edc84661023d41-reviews,hipmunk.com/hotels-in-king-of-prussia-pa/doubletree-by-hilton-hotel-philadelphia-valley-forge-509c01b966edc8466104a1d1-reviews,hipmunk.com/independent-hotels-in-mount-pocono-pa_mount-airy-casino-and-resort-525582c77f2c6c16e100014f-reviews,hipmunk.com/hotels-in-philadelphia-pa/four-points-by-sheraton-philadelphia-airport-509bfdc066edc84661018d6a-reviews
boutique hotels in the US Pennsylvania,"These are your Boutique Hotels assignments. In the fields you'll find your 5 hotel links, which are either in a single city or state, depending on how many hotels we have available for a given location. Feel free to Google the hotels for more information! I've given these generic titles with the campaign + location to get you started: PLEASE vary your language so not every article has ""5 Hotels"" in the name, and also avoid using the exact name of the hotel for each header in the article. Read through the style guide and let me know if there are any concerns. Once it is Editor Approved you can publish and submit your link through this form: https://docs.google.com/a/steelcast.com/forms/d/1yy3ZCO3PxUTv_ZeiNVEw0AGdAX7w4lgyps9F8rtD2Eg/viewform Thanks everyone!",hipmunk.com/independent-hotels-in-bensalem-pa_inn-of-the-dove-509bfed966edc8466102522c-reviews,hipmunk.com/hotels-in-pittsburgh-pa/fairmont-pittsburgh-509bfebc66edc84661023d41-reviews,hipmunk.com/hotels-in-king-of-prussia-pa/doubletree-by-hilton-hotel-philadelphia-valley-forge-509c01b966edc8466104a1d1-reviews,hipmunk.com/independent-hotels-in-mount-pocono-pa_mount-airy-casino-and-resort-525582c77f2c6c16e100014f-reviews,hipmunk.com/hotels-in-philadelphia-pa/four-points-by-sheraton-philadelphia-airport-509bfdc066edc84661018d6a-reviews
boutique hotels in the US Pennsylvania,"These are your Boutique Hotels assignments. In the fields you'll find your 5 hotel links, which are either in a single city or state, depending on how many hotels we have available for a given location. Feel free to Google the hotels for more information! I've given these generic titles with the campaign + location to get you started: PLEASE vary your language so not every article has ""5 Hotels"" in the name, and also avoid using the exact name of the hotel for each header in the article. Read through the style guide and let me know if there are any concerns. Once it is Editor Approved you can publish and submit your link through this form: https://docs.google.com/a/steelcast.com/forms/d/1yy3ZCO3PxUTv_ZeiNVEw0AGdAX7w4lgyps9F8rtD2Eg/viewform Thanks everyone!",hipmunk.com/hotels-in-king-of-prussia-pa/doubletree-by-hilton-hotel-philadelphia-valley-forge-509c01b966edc8466104a1d1-reviews,hipmunk.com/hotels-in-philadelphia-pa/four-points-by-sheraton-philadelphia-airport-509bfdc066edc84661018d6a-reviews,hipmunk.com/hotels-in-philadelphia-pa/microtel-inn-suites-by-wyndham-philadelphia-airport-509bfe3066edc8466101dca3-reviews,hipmunk.com/hotels-in-philadelphia-pa/sheraton-suites-philadelphia-airport-509c00fe66edc84661040e7e-reviews,hipmunk.com/hotels-in-philadelphia-pa/doubletree-by-hilton-philadelphia-center-city-509bff4a66edc8466102a38e-reviews
boutique hotels in the US Florida,"These are your Boutique Hotels assignments. In the fields you'll find your 5 hotel links, which are either in a single city or state, depending on how many hotels we have available for a given location. Feel free to Google the hotels for more information! I've given these generic titles with the campaign + location to get you started: PLEASE vary your language so not every article has ""5 Hotels"" in the name, and also avoid using the exact name of the hotel for each header in the article. Read through the style guide and let me know if there are any concerns. Once it is Editor Approved you can publish and submit your link through this form: https://docs.google.com/a/steelcast.com/forms/d/1yy3ZCO3PxUTv_ZeiNVEw0AGdAX7w4lgyps9F8rtD2Eg/viewform Thanks everyone!",hipmunk.com/hotels-in-boca-raton-fl/embassy-suites-boca-raton-509bfdc266edc84661018ec0-reviews,hipmunk.com/hotels-in-key-west-fl/best-western-key-ambassador-resort-inn-509bfdc066edc84661018d58-reviews,hipmunk.com/hotels-in-fort-lauderdale-fl/embassy-suites-ft-lauderdale17th-street-509bfdcd66edc84661019393-reviews,hipmunk.com/hotels-in-fort-lauderdale-fl/hyatt-regency-pier-66-509bfdc666edc846610191e7-reviews,hipmunk.com/hotels-in-gainesville-fl/hilton-university-of-florida-conference-center-gainesville-509bfe3066edc8466101dca6-reviews
boutique hotels in the US Texas,"These are your Boutique Hotels assignments. In the fields you'll find your 5 hotel links, which are either in a single city or state, depending on how many hotels we have available for a given location. Feel free to Google the hotels for more information! I've given these generic titles with the campaign + location to get you started: PLEASE vary your language so not every article has ""5 Hotels"" in the name, and also avoid using the exact name of the hotel for each header in the article. Read through the style guide and let me know if there are any concerns. Once it is Editor Approved you can publish and submit your link through this form: https://docs.google.com/a/steelcast.com/forms/d/1yy3ZCO3PxUTv_ZeiNVEw0AGdAX7w4lgyps9F8rtD2Eg/viewform Thanks everyone!",hipmunk.com/hotels-in-austin-tx/hilton-austin-airport-509bfea466edc84661022d94-reviews,hipmunk.com/independent-hotels-in-austin-tx_habitat-suites-509bfd3a66edc846610122ea-reviews,hipmunk.com/hotels-in-dallas-tx/sheraton-dallas-hotel-by-the-galleria-509bfdd366edc8466101977f-reviews,hipmunk.com/hotels-in-dallas-tx/sheraton-suites-market-center-509bfe4066edc8466101e853-reviews,hipmunk.com/independent-hotels-in-houston-tx_hotel-derek-houston-galleria-509bfdd166edc84661019649-reviews
boutique hotels in the US Florida,"These are your Boutique Hotels assignments. In the fields you'll find your 5 hotel links, which are either in a single city or state, depending on how many hotels we have available for a given location. Feel free to Google the hotels for more information! I've given these generic titles with the campaign + location to get you started: PLEASE vary your language so not every article has ""5 Hotels"" in the name, and also avoid using the exact name of the hotel for each header in the article. Read through the style guide and let me know if there are any concerns. Once it is Editor Approved you can publish and submit your link through this form: https://docs.google.com/a/steelcast.com/forms/d/1yy3ZCO3PxUTv_ZeiNVEw0AGdAX7w4lgyps9F8rtD2Eg/viewform Thanks everyone!",hipmunk.com/hotels-in-fort-lauderdale-fl/embassy-suites-ft-lauderdale17th-street-509bfdcd66edc84661019393-reviews,hipmunk.com/hotels-in-fort-lauderdale-fl/hyatt-regency-pier-66-509bfdc666edc846610191e7-reviews,hipmunk.com/hotels-in-gainesville-fl/hilton-university-of-florida-conference-center-gainesville-509bfe3066edc8466101dca6-reviews,hipmunk.com/hotels-in-key-west-fl/best-western-key-ambassador-resort-inn-509bfdc066edc84661018d58-reviews,hipmunk.com/hotels-in-miami-fl/the-ritz-carlton-coconut-grove-miami-509bfefb66edc84661026b74-reviews
boutique hotels in the US Missouri,"These are your Boutique Hotels assignments. In the fields you'll find your 5 hotel links, which are either in a single city or state, depending on how many hotels we have available for a given location. Feel free to Google the hotels for more information! I've given these generic titles with the campaign + location to get you started: PLEASE vary your language so not every article has ""5 Hotels"" in the name, and also avoid using the exact name of the hotel for each header in the article. Read through the style guide and let me know if there are any concerns. Once it is Editor Approved you can publish and submit your link through this form: https://docs.google.com/a/steelcast.com/forms/d/1yy3ZCO3PxUTv_ZeiNVEw0AGdAX7w4lgyps9F8rtD2Eg/viewform Thanks everyone!",hipmunk.com/hotels-in-kansas-city-mo/holiday-inn-country-club-plaza-509bfdd266edc8466101971b-reviews,hipmunk.com/hotels-in-saint-louis-mo/four-seasons-hotel-st-louis-509bfe5666edc8466101f7a7-reviews,hipmunk.com/hotels-in-saint-louis-mo/marriott-st-louis-grand-hotel-509bff0766edc84661027674-reviews,hipmunk.com/independent-hotels-in-saint-louis-mo_the-parkway-hotel-509bfd4e66edc8466101338e-reviews,hipmunk.com/Independent-Hotels-in-Branson-MO_Capital-Resorts-The-Lodges-at-Table-Rock-Lake-509c01b266edc84661049b7d-Reviews
boutique hotels in the US Massachusetts,"These are your Boutique Hotels assignments. In the fields you'll find your 5 hotel links, which are either in a single city or state, depending on how many hotels we have available for a given location. Feel free to Google the hotels for more information! I've given these generic titles with the campaign + location to get you started: PLEASE vary your language so not every article has ""5 Hotels"" in the name, and also avoid using the exact name of the hotel for each header in the article. Read through the style guide and let me know if there are any concerns. Once it is Editor Approved you can publish and submit your link through this form: https://docs.google.com/a/steelcast.com/forms/d/1yy3ZCO3PxUTv_ZeiNVEw0AGdAX7w4lgyps9F8rtD2Eg/viewform Thanks everyone!",hipmunk.com/hotels-in-boston-ma/hampton-inn-suites-boston-crosstown-center-509bfc4566edc846610060b3-reviews,hipmunk.com/independent-hotels-in-boston-ma_hotel-commonwealth-509bff2766edc84661028efd-reviews,hipmunk.com/independent-hotels-in-boston-ma_millennium-bostonian-hotel-boston-509bfdbf66edc84661018c8b-reviews,hipmunk.com/independent-hotels-in-boston-ma_the-inn-at-longwood-medical-509bfe1f66edc8466101ce03-reviews,hipmunk.com/hotels-in-cambridge-ma/boston-marriott-cambridge-509bfdc366edc84661018f64-reviews
boutique hotels in the US Louisiana,"These are your Boutique Hotels assignments. In the fields you'll find your 5 hotel links, which are either in a single city or state, depending on how many hotels we have available for a given location. Feel free to Google the hotels for more information! I've given these generic titles with the campaign + location to get you started: PLEASE vary your language so not every article has ""5 Hotels"" in the name, and also avoid using the exact name of the hotel for each header in the article. Read through the style guide and let me know if there are any concerns. Once it is Editor Approved you can publish and submit your link through this form: https://docs.google.com/a/steelcast.com/forms/d/1yy3ZCO3PxUTv_ZeiNVEw0AGdAX7w4lgyps9F8rtD2Eg/viewform Thanks everyone!",hipmunk.com/hotels-in-metairie-la/sheraton-metairie-new-orleans-hotel-509bfe8966edc84661021ac0-reviews,hipmunk.com/hotels-in-new-orleans-la/hilton-garden-inn-new-orleans-convention-center-509bfdc366edc84661018fef-reviews,hipmunk.com/independent-hotels-in-new-orleans-la_prince-conti-hotel-509bfdc466edc84661019074-reviews,hipmunk.com/independent-hotels-in-kenner-la_hilton-garden-inn-new-orleans-airport-5122267ea0a9946391000016-reviews,hipmunk.com/independent-hotels-in-new-orleans-la_bourbon-orleans-hotel-509bfdc566edc84661019117-reviews
boutique hotels in the US Hawaii,"These are your Boutique Hotels assignments. In the fields you'll find your 5 hotel links, which are either in a single city or state, depending on how many hotels we have available for a given location. Feel free to Google the hotels for more information! I've given these generic titles with the campaign + location to get you started: PLEASE vary your language so not every article has ""5 Hotels"" in the name, and also avoid using the exact name of the hotel for each header in the article. Read through the style guide and let me know if there are any concerns. Once it is Editor Approved you can publish and submit your link through this form: https://docs.google.com/a/steelcast.com/forms/d/1yy3ZCO3PxUTv_ZeiNVEw0AGdAX7w4lgyps9F8rtD2Eg/viewform Thanks everyone!",hipmunk.com/independent-hotels-in-honolulu-hi_aqua-aloha-surf-waikiki-509bfd4c66edc84661013149-reviews,hipmunk.com/independent-hotels-in-honolulu-hi_aqua-waikiki-wave-509bfe8c66edc84661021d31-reviews,hipmunk.com/independent-hotels-in-honolulu-hi_hawaii-prince-hotel-waikiki-509c00dd66edc8466103f885-reviews,hipmunk.com/independent-hotels-in-honolulu-hi_maile-sky-court-509c024566edc8466105145e-reviews,hipmunk.com/independent-hotels-in-kahului-hi_maui-beach-hotel-509bfe6266edc84661020110-reviews
boutique hotels in the US Missouri,"These are your Boutique Hotels assignments. In the fields you'll find your 5 hotel links, which are either in a single city or state, depending on how many hotels we have available for a given location. Feel free to Google the hotels for more information! I've given these generic titles with the campaign + location to get you started: PLEASE vary your language so not every article has ""5 Hotels"" in the name, and also avoid using the exact name of the hotel for each header in the article. Read through the style guide and let me know if there are any concerns. Once it is Editor Approved you can publish and submit your link through this form: https://docs.google.com/a/steelcast.com/forms/d/1yy3ZCO3PxUTv_ZeiNVEw0AGdAX7w4lgyps9F8rtD2Eg/viewform Thanks everyone!",hipmunk.com/hotels-in-kansas-city-mo/holiday-inn-country-club-plaza-509bfdd266edc8466101971b-reviews,hipmunk.com/hotels-in-saint-louis-mo/four-seasons-hotel-st-louis-509bfe5666edc8466101f7a7-reviews,hipmunk.com/hotels-in-saint-louis-mo/marriott-st-louis-grand-hotel-509bff0766edc84661027674-reviews,hipmunk.com/independent-hotels-in-saint-louis-mo_the-parkway-hotel-509bfd4e66edc8466101338e-reviews,hipmunk.com/Independent-Hotels-in-Branson-MO_1st-Inn-Branson-509bfc4c66edc84661006679-Reviews
boutique hotels in the US Pennsylvania,"These are your Boutique Hotels assignments. In the fields you'll find your 5 hotel links, which are either in a single city or state, depending on how many hotels we have available for a given location. Feel free to Google the hotels for more information! I've given these generic titles with the campaign + location to get you started: PLEASE vary your language so not every article has ""5 Hotels"" in the name, and also avoid using the exact name of the hotel for each header in the article. Read through the style guide and let me know if there are any concerns. Once it is Editor Approved you can publish and submit your link through this form: https://docs.google.com/a/steelcast.com/forms/d/1yy3ZCO3PxUTv_ZeiNVEw0AGdAX7w4lgyps9F8rtD2Eg/viewform Thanks everyone!",hipmunk.com/hotels-in-king-of-prussia-pa/doubletree-by-hilton-hotel-philadelphia-valley-forge-509c01b966edc8466104a1d1-reviews,hipmunk.com/hotels-in-philadelphia-pa/microtel-inn-suites-by-wyndham-philadelphia-airport-509bfe3066edc8466101dca3-reviews,hipmunk.com/hotels-in-philadelphia-pa/sheraton-suites-philadelphia-airport-509c00fe66edc84661040e7e-reviews,hipmunk.com/hotels-in-philadelphia-pa/doubletree-by-hilton-philadelphia-center-city-509bff4a66edc8466102a38e-reviews,hipmunk.com/independent-hotels-in-state-college-pa_the-nittany-lion-inn-509bfd9466edc84661016a71-reviews
boutique hotels in the US Florida,"These are your Boutique Hotels assignments. In the fields you'll find your 5 hotel links, which are either in a single city or state, depending on how many hotels we have available for a given location. Feel free to Google the hotels for more information! I've given these generic titles with the campaign + location to get you started: PLEASE vary your language so not every article has ""5 Hotels"" in the name, and also avoid using the exact name of the hotel for each header in the article. Read through the style guide and let me know if there are any concerns. Once it is Editor Approved you can publish and submit your link through this form: https://docs.google.com/a/steelcast.com/forms/d/1yy3ZCO3PxUTv_ZeiNVEw0AGdAX7w4lgyps9F8rtD2Eg/viewform Thanks everyone!",hipmunk.com/hotels-in-boca-raton-fl/embassy-suites-boca-raton-509bfdc266edc84661018ec0-reviews,hipmunk.com/hotels-in-fort-lauderdale-fl/embassy-suites-ft-lauderdale17th-street-509bfdcd66edc84661019393-reviews,hipmunk.com/hotels-in-fort-lauderdale-fl/hyatt-regency-pier-66-509bfdc666edc846610191e7-reviews,hipmunk.com/hotels-in-gainesville-fl/hilton-university-of-florida-conference-center-gainesville-509bfe3066edc8466101dca6-reviews,hipmunk.com/hotels-in-miami-fl/the-ritz-carlton-coconut-grove-miami-509bfefb66edc84661026b74-reviews
boutique hotels in the US Florida,"These are your Boutique Hotels assignments. In the fields you'll find your 5 hotel links, which are either in a single city or state, depending on how many hotels we have available for a given location. Feel free to Google the hotels for more information! I've given these generic titles with the campaign + location to get you started: PLEASE vary your language so not every article has ""5 Hotels"" in the name, and also avoid using the exact name of the hotel for each header in the article. Read through the style guide and let me know if there are any concerns. Once it is Editor Approved you can publish and submit your link through this form: https://docs.google.com/a/steelcast.com/forms/d/1yy3ZCO3PxUTv_ZeiNVEw0AGdAX7w4lgyps9F8rtD2Eg/viewform Thanks everyone!",hipmunk.com/hotels-in-boca-raton-fl/embassy-suites-boca-raton-509bfdc266edc84661018ec0-reviews,hipmunk.com/hotels-in-fort-lauderdale-fl/embassy-suites-ft-lauderdale17th-street-509bfdcd66edc84661019393-reviews,hipmunk.com/hotels-in-fort-lauderdale-fl/hyatt-regency-pier-66-509bfdc666edc846610191e7-reviews,hipmunk.com/hotels-in-miami-fl/the-ritz-carlton-coconut-grove-miami-509bfefb66edc84661026b74-reviews,hipmunk.com/independent-hotels-in-miami-fl_sonesta-coconut-grove-miami-509bfdc066edc84661018e01-reviews
boutique hotels in the US Florida,"These are your Boutique Hotels assignments. In the fields you'll find your 5 hotel links, which are either in a single city or state, depending on how many hotels we have available for a given location. Feel free to Google the hotels for more information! I've given these generic titles with the campaign + location to get you started: PLEASE vary your language so not every article has ""5 Hotels"" in the name, and also avoid using the exact name of the hotel for each header in the article. Read through the style guide and let me know if there are any concerns. Once it is Editor Approved you can publish and submit your link through this form: https://docs.google.com/a/steelcast.com/forms/d/1yy3ZCO3PxUTv_ZeiNVEw0AGdAX7w4lgyps9F8rtD2Eg/viewform Thanks everyone!",hipmunk.com/hotels-in-boca-raton-fl/embassy-suites-boca-raton-509bfdc266edc84661018ec0-reviews,hipmunk.com/hotels-in-fort-lauderdale-fl/embassy-suites-ft-lauderdale17th-street-509bfdcd66edc84661019393-reviews,hipmunk.com/hotels-in-fort-lauderdale-fl/hyatt-regency-pier-66-509bfdc666edc846610191e7-reviews,hipmunk.com/hotels-in-miami-fl/the-ritz-carlton-coconut-grove-miami-509bfefb66edc84661026b74-reviews,hipmunk.com/independent-hotels-in-miami-fl_sonesta-coconut-grove-miami-509bfdc066edc84661018e01-reviews
boutique hotels in the US Florida,"These are your Boutique Hotels assignments. In the fields you'll find your 5 hotel links, which are either in a single city or state, depending on how many hotels we have available for a given location. Feel free to Google the hotels for more information! I've given these generic titles with the campaign + location to get you started: PLEASE vary your language so not every article has ""5 Hotels"" in the name, and also avoid using the exact name of the hotel for each header in the article. Read through the style guide and let me know if there are any concerns. Once it is Editor Approved you can publish and submit your link through this form: https://docs.google.com/a/steelcast.com/forms/d/1yy3ZCO3PxUTv_ZeiNVEw0AGdAX7w4lgyps9F8rtD2Eg/viewform Thanks everyone!",hipmunk.com/hotels-in-boca-raton-fl/embassy-suites-boca-raton-509bfdc266edc84661018ec0-reviews,hipmunk.com/hotels-in-orlando-fl/doubletree-by-hilton-at-the-entrance-to-universal-orlando-509c025c66edc846610527de-reviews,hipmunk.com/hotels-in-orlando-fl/sheraton-suites-orlando-airport-509bfbdb66edc84661000963-reviews,hipmunk.com/independent-hotels-in-orlando-fl_the-point-orlando-resort-on-universal-blvd-509bffe166edc84661031a90-reviews,hipmunk.com/hotels-in-orlando-fl/four-points-by-sheraton-orlando-studio-city-509bfdc366edc84661018f24-reviews
boutique hotels in the US Florida,"These are your Boutique Hotels assignments. In the fields you'll find your 5 hotel links, which are either in a single city or state, depending on how many hotels we have available for a given location. Feel free to Google the hotels for more information! I've given these generic titles with the campaign + location to get you started: PLEASE vary your language so not every article has ""5 Hotels"" in the name, and also avoid using the exact name of the hotel for each header in the article. Read through the style guide and let me know if there are any concerns. Once it is Editor Approved you can publish and submit your link through this form: https://docs.google.com/a/steelcast.com/forms/d/1yy3ZCO3PxUTv_ZeiNVEw0AGdAX7w4lgyps9F8rtD2Eg/viewform Thanks everyone!",hipmunk.com/hotels-in-orlando-fl/doubletree-by-hilton-at-the-entrance-to-universal-orlando-509c025c66edc846610527de-reviews,hipmunk.com/independent-hotels-in-orlando-fl_the-point-orlando-resort-on-universal-blvd-509bffe166edc84661031a90-reviews,hipmunk.com/hotels-in-orlando-fl/four-points-by-sheraton-orlando-studio-city-509bfdc366edc84661018f24-reviews,hipmunk.com/hotels-in-pensacola-beach-fl/springhill-suites-pensacola-beach-509bfbf466edc84661001fa3-reviews,hipmunk.com/hotels-in-ponte-vedra-beach-fl/sawgrass-marriott-golf-resort-spa-509bfe7d66edc846610211e9-reviews
boutique hotels in the US Florida,"These are your Boutique Hotels assignments. In the fields you'll find your 5 hotel links, which are either in a single city or state, depending on how many hotels we have available for a given location. Feel free to Google the hotels for more information! I've given these generic titles with the campaign + location to get you started: PLEASE vary your language so not every article has ""5 Hotels"" in the name, and also avoid using the exact name of the hotel for each header in the article. Read through the style guide and let me know if there are any concerns. Once it is Editor Approved you can publish and submit your link through this form: https://docs.google.com/a/steelcast.com/forms/d/1yy3ZCO3PxUTv_ZeiNVEw0AGdAX7w4lgyps9F8rtD2Eg/viewform Thanks everyone!",hipmunk.com/hotels-in-orlando-fl/doubletree-by-hilton-at-the-entrance-to-universal-orlando-509c025c66edc846610527de-reviews,hipmunk.com/independent-hotels-in-orlando-fl_the-point-orlando-resort-on-universal-blvd-509bffe166edc84661031a90-reviews,hipmunk.com/hotels-in-orlando-fl/four-points-by-sheraton-orlando-studio-city-509bfdc366edc84661018f24-reviews,hipmunk.com/hotels-in-pensacola-beach-fl/springhill-suites-pensacola-beach-509bfbf466edc84661001fa3-reviews,hipmunk.com/hotels-in-ponte-vedra-beach-fl/sawgrass-marriott-golf-resort-spa-509bfe7d66edc846610211e9-reviews
boutique hotels in the US Florida,"These are your Boutique Hotels assignments. In the fields you'll find your 5 hotel links, which are either in a single city or state, depending on how many hotels we have available for a given location. Feel free to Google the hotels for more information! I've given these generic titles with the campaign + location to get you started: PLEASE vary your language so not every article has ""5 Hotels"" in the name, and also avoid using the exact name of the hotel for each header in the article. Read through the style guide and let me know if there are any concerns. Once it is Editor Approved you can publish and submit your link through this form: https://docs.google.com/a/steelcast.com/forms/d/1yy3ZCO3PxUTv_ZeiNVEw0AGdAX7w4lgyps9F8rtD2Eg/viewform Thanks everyone!",hipmunk.com/hotels-in-orlando-fl/doubletree-by-hilton-at-the-entrance-to-universal-orlando-509c025c66edc846610527de-reviews,hipmunk.com/independent-hotels-in-orlando-fl_the-point-orlando-resort-on-universal-blvd-509bffe166edc84661031a90-reviews,hipmunk.com/hotels-in-ponte-vedra-beach-fl/sawgrass-marriott-golf-resort-spa-509bfe7d66edc846610211e9-reviews,hipmunk.com/independent-hotels-in-sanibel-fl_west-wind-inn-509bfee066edc846610257c0-reviews,hipmunk.com/independent-hotels-in-st-pete-beach-fl_sirata-beach-resort-50ed9492bb290e6e270001c8-reviews
boutique hotels in the US Florida,"These are your Boutique Hotels assignments. In the fields you'll find your 5 hotel links, which are either in a single city or state, depending on how many hotels we have available for a given location. Feel free to Google the hotels for more information! I've given these generic titles with the campaign + location to get you started: PLEASE vary your language so not every article has ""5 Hotels"" in the name, and also avoid using the exact name of the hotel for each header in the article. Read through the style guide and let me know if there are any concerns. Once it is Editor Approved you can publish and submit your link through this form: https://docs.google.com/a/steelcast.com/forms/d/1yy3ZCO3PxUTv_ZeiNVEw0AGdAX7w4lgyps9F8rtD2Eg/viewform Thanks everyone!",hipmunk.com/hotels-in-orlando-fl/doubletree-by-hilton-at-the-entrance-to-universal-orlando-509c025c66edc846610527de-reviews,hipmunk.com/independent-hotels-in-orlando-fl_the-point-orlando-resort-on-universal-blvd-509bffe166edc84661031a90-reviews,hipmunk.com/hotels-in-ponte-vedra-beach-fl/sawgrass-marriott-golf-resort-spa-509bfe7d66edc846610211e9-reviews,hipmunk.com/hotels-in-tampa-fl/tampa-airport-marriott-51237e05a0a99422e300032e-reviews,hipmunk.com/independent-hotels-in-sunny-isles-beach-fl_acqualina-resort-and-spa-509bfe3266edc8466101dd52-reviews
boutique hotels in the US California,"These are your Boutique Hotels assignments. In the fields you'll find your 5 hotel links, which are either in a single city or state, depending on how many hotels we have available for a given location. Feel free to Google the hotels for more information! I've given these generic titles with the campaign + location to get you started: PLEASE vary your language so not every article has ""5 Hotels"" in the name, and also avoid using the exact name of the hotel for each header in the article. Read through the style guide and let me know if there are any concerns. Once it is Editor Approved you can publish and submit your link through this form: https://docs.google.com/a/steelcast.com/forms/d/1yy3ZCO3PxUTv_ZeiNVEw0AGdAX7w4lgyps9F8rtD2Eg/viewform Thanks everyone!",hipmunk.com/independent-hotels-in-anaheim-ca_alamo-inn-suites-509bfe6466edc84661020215-reviews,hipmunk.com/independent-hotels-in-anaheim-ca_la-quinta-inn-suites-anaheim-509bfdcf66edc84661019524-reviews,hipmunk.com/hotels-in-anaheim-ca/sheraton-park-hotel-at-the-anaheim-resort-509c01f266edc8466104d11e-reviews,hipmunk.com/hotels-in-burlingame-ca/embassy-suites-san-francisco-airport-waterfront-509bfea666edc84661022ee5-reviews,hipmunk.com/hotels-in-emeryville-ca/hilton-garden-inn-san-franciscooakland-bay-bridge-509bff4e66edc8466102a46f-reviews
boutique hotels in the US California,"These are your Boutique Hotels assignments. In the fields you'll find your 5 hotel links, which are either in a single city or state, depending on how many hotels we have available for a given location. Feel free to Google the hotels for more information! I've given these generic titles with the campaign + location to get you started: PLEASE vary your language so not every article has ""5 Hotels"" in the name, and also avoid using the exact name of the hotel for each header in the article. Read through the style guide and let me know if there are any concerns. Once it is Editor Approved you can publish and submit your link through this form: https://docs.google.com/a/steelcast.com/forms/d/1yy3ZCO3PxUTv_ZeiNVEw0AGdAX7w4lgyps9F8rtD2Eg/viewform Thanks everyone!",hipmunk.com/hotels-in-garden-grove-ca/hyatt-regency-orange-county-510b7de9a0a99420020000de-reviews,hipmunk.com/hotels-in-emeryville-ca/hilton-garden-inn-san-franciscooakland-bay-bridge-509bff4e66edc8466102a46f-reviews,hipmunk.com/independent-hotels-in-anaheim-ca_la-quinta-inn-suites-anaheim-509bfdcf66edc84661019524-reviews,hipmunk.com/hotels-in-monterey-ca/holiday-inn-express-monterey-cannery-row-509bfdf566edc8466101afa8-reviews,hipmunk.com/hotels-in-orange-ca/best-western-plus-meridian-inn-suites-anaheim-orange-50edd8bdbb290e795c0001ae-reviews
boutique hotels in the US California,"These are your Boutique Hotels assignments. In the fields you'll find your 5 hotel links, which are either in a single city or state, depending on how many hotels we have available for a given location. Feel free to Google the hotels for more information! I've given these generic titles with the campaign + location to get you started: PLEASE vary your language so not every article has ""5 Hotels"" in the name, and also avoid using the exact name of the hotel for each header in the article. Read through the style guide and let me know if there are any concerns. Once it is Editor Approved you can publish and submit your link through this form: https://docs.google.com/a/steelcast.com/forms/d/1yy3ZCO3PxUTv_ZeiNVEw0AGdAX7w4lgyps9F8rtD2Eg/viewform Thanks everyone!",hipmunk.com/independent-hotels-in-oroville-ca_gold-country-casino-hotel-509bfe4b66edc8466101f0eb-reviews,hipmunk.com/hotels-in-palm-desert-ca/holiday-inn-express-palm-desert-rancho-miragegolf-509bfdf466edc8466101ae9b-reviews,hipmunk.com/hotels-in-orange-ca/best-western-plus-meridian-inn-suites-anaheim-orange-50edd8bdbb290e795c0001ae-reviews,hipmunk.com/independent-hotels-in-monterey-ca_casa-munras-garden-hotel-spa-509bfefb66edc84661026be1-reviews,hipmunk.com/independent-hotels-in-los-angeles-ca_the-dixie-hollywood-509bfe4e66edc8466101f287-reviews
boutique hotels in the US California,"These are your Boutique Hotels assignments. In the fields you'll find your 5 hotel links, which are either in a single city or state, depending on how many hotels we have available for a given location. Feel free to Google the hotels for more information! I've given these generic titles with the campaign + location to get you started: PLEASE vary your language so not every article has ""5 Hotels"" in the name, and also avoid using the exact name of the hotel for each header in the article. Read through the style guide and let me know if there are any concerns. Once it is Editor Approved you can publish and submit your link through this form: https://docs.google.com/a/steelcast.com/forms/d/1yy3ZCO3PxUTv_ZeiNVEw0AGdAX7w4lgyps9F8rtD2Eg/viewform Thanks everyone!",hipmunk.com/independent-hotels-in-yosemite-national-park-ca_wawona-hotel-509bfe8566edc8466102170e-reviews,hipmunk.com/independent-hotels-in-torrance-ca_miyako-hybrid-hotel-torrance-509bfe4766edc8466101ed2d-reviews,hipmunk.com/hotels-in-temecula-ca/embassy-suites-temecula-valley-wine-country-509bfe1966edc8466101c9b3-reviews,hipmunk.com/independent-hotels-in-sunnyvale-ca_wild-palms-hotel-a-joie-de-vivre-boutique-hotel-509bfed566edc84661024eb8-reviews,hipmunk.com/hotels-in-south-san-francisco-ca/holiday-inn-san-francisco-international-airport-509bfdc066edc84661018dd0-reviews
boutique hotels in the US California,"These are your Boutique Hotels assignments. In the fields you'll find your 5 hotel links, which are either in a single city or state, depending on how many hotels we have available for a given location. Feel free to Google the hotels for more information! I've given these generic titles with the campaign + location to get you started: PLEASE vary your language so not every article has ""5 Hotels"" in the name, and also avoid using the exact name of the hotel for each header in the article. Read through the style guide and let me know if there are any concerns. Once it is Editor Approved you can publish and submit your link through this form: https://docs.google.com/a/steelcast.com/forms/d/1yy3ZCO3PxUTv_ZeiNVEw0AGdAX7w4lgyps9F8rtD2Eg/viewform Thanks everyone!",hipmunk.com/independent-hotels-in-yosemite-national-park-ca_wawona-hotel-509bfe8566edc8466102170e-reviews,hipmunk.com/independent-hotels-in-torrance-ca_miyako-hybrid-hotel-torrance-509bfe4766edc8466101ed2d-reviews,hipmunk.com/hotels-in-temecula-ca/embassy-suites-temecula-valley-wine-country-509bfe1966edc8466101c9b3-reviews,hipmunk.com/hotels-in-south-san-francisco-ca/holiday-inn-san-francisco-international-airport-509bfdc066edc84661018dd0-reviews,hipmunk.com/hotels-in-south-san-francisco-ca/embassy-suites-san-francisco-airport-south-san-francisco-509bff2166edc84661028940-reviews
boutique hotels in the US California,"These are your Boutique Hotels assignments. In the fields you'll find your 5 hotel links, which are either in a single city or state, depending on how many hotels we have available for a given location. Feel free to Google the hotels for more information! I've given these generic titles with the campaign + location to get you started: PLEASE vary your language so not every article has ""5 Hotels"" in the name, and also avoid using the exact name of the hotel for each header in the article. Read through the style guide and let me know if there are any concerns. Once it is Editor Approved you can publish and submit your link through this form: https://docs.google.com/a/steelcast.com/forms/d/1yy3ZCO3PxUTv_ZeiNVEw0AGdAX7w4lgyps9F8rtD2Eg/viewform Thanks everyone!",hipmunk.com/independent-hotels-in-torrance-ca_miyako-hybrid-hotel-torrance-509bfe4766edc8466101ed2d-reviews,hipmunk.com/hotels-in-temecula-ca/embassy-suites-temecula-valley-wine-country-509bfe1966edc8466101c9b3-reviews,hipmunk.com/hotels-in-south-san-francisco-ca/embassy-suites-san-francisco-airport-south-san-francisco-509bff2166edc84661028940-reviews,hipmunk.com/independent-hotels-in-santa-barbara-ca_spanish-garden-inn-509bfc2d66edc84661004e6e-reviews,hipmunk.com/independent-hotels-in-santa-barbara-ca_montecito-inn-509bfe9166edc84661022091-reviews
boutique hotels in the US California,"These are your Boutique Hotels assignments. In the fields you'll find your 5 hotel links, which are either in a single city or state, depending on how many hotels we have available for a given location. Feel free to Google the hotels for more information! I've given these generic titles with the campaign + location to get you started: PLEASE vary your language so not every article has ""5 Hotels"" in the name, and also avoid using the exact name of the hotel for each header in the article. Read through the style guide and let me know if there are any concerns. Once it is Editor Approved you can publish and submit your link through this form: https://docs.google.com/a/steelcast.com/forms/d/1yy3ZCO3PxUTv_ZeiNVEw0AGdAX7w4lgyps9F8rtD2Eg/viewform Thanks everyone!",hipmunk.com/hotels-in-temecula-ca/embassy-suites-temecula-valley-wine-country-509bfe1966edc8466101c9b3-reviews,hipmunk.com/independent-hotels-in-san-diego-ca_catamaran-resort-and-spa-509c023f66edc84661050f6d-reviews,hipmunk.com/hotels-in-rancho-mirage-ca/westin-mission-hills-resort-villas-509bfdd066edc8466101954f-reviews,hipmunk.com/hotels-in-palm-desert-ca/holiday-inn-express-palm-desert-rancho-miragegolf-509bfdf466edc8466101ae9b-reviews,hipmunk.com/hotels-in-orange-ca/best-western-plus-meridian-inn-suites-anaheim-orange-50edd8bdbb290e795c0001ae-reviews
boutique hotels in the US Texas,"These are your Boutique Hotels assignments. In the fields you'll find your 5 hotel links, which are either in a single city or state, depending on how many hotels we have available for a given location. Feel free to Google the hotels for more information! I've given these generic titles with the campaign + location to get you started: PLEASE vary your language so not every article has ""5 Hotels"" in the name, and also avoid using the exact name of the hotel for each header in the article. Read through the style guide and let me know if there are any concerns. Once it is Editor Approved you can publish and submit your link through this form: https://docs.google.com/a/steelcast.com/forms/d/1yy3ZCO3PxUTv_ZeiNVEw0AGdAX7w4lgyps9F8rtD2Eg/viewform Thanks everyone!",hipmunk.com/independent-hotels-in-austin-tx_habitat-suites-509bfd3a66edc846610122ea-reviews,hipmunk.com/hotels-in-dallas-tx/sheraton-dallas-hotel-by-the-galleria-509bfdd366edc8466101977f-reviews,hipmunk.com/hotels-in-dallas-tx/sheraton-suites-market-center-509bfe4066edc8466101e853-reviews,hipmunk.com/independent-hotels-in-houston-tx_hotel-derek-houston-galleria-509bfdd166edc84661019649-reviews,hipmunk.com/hotels-in-irving-tx/aloft-las-colinas-509bfe9c66edc846610229e0-reviews
boutique hotels in the US Texas,"These are your Boutique Hotels assignments. In the fields you'll find your 5 hotel links, which are either in a single city or state, depending on how many hotels we have available for a given location. Feel free to Google the hotels for more information! I've given these generic titles with the campaign + location to get you started: PLEASE vary your language so not every article has ""5 Hotels"" in the name, and also avoid using the exact name of the hotel for each header in the article. Read through the style guide and let me know if there are any concerns. Once it is Editor Approved you can publish and submit your link through this form: https://docs.google.com/a/steelcast.com/forms/d/1yy3ZCO3PxUTv_ZeiNVEw0AGdAX7w4lgyps9F8rtD2Eg/viewform Thanks everyone!",hipmunk.com/independent-hotels-in-irving-tx_nylo-dallas-las-colinas-509bfee866edc84661025df0-reviews,hipmunk.com/hotels-in-irving-tx/the-westin-dallas-fort-worth-airport-509bfe8c66edc84661021d58-reviews,hipmunk.com/hotels-in-irving-tx/aloft-las-colinas-509bfe9c66edc846610229e0-reviews,hipmunk.com/hotels-in-dallas-tx/sheraton-dallas-hotel-by-the-galleria-509bfdd366edc8466101977f-reviews,hipmunk.com/hotels-in-dallas-tx/sheraton-suites-market-center-509bfe4066edc8466101e853-reviews
boutique hotels in the US Florida,"These are your Boutique Hotels assignments. In the fields you'll find your 5 hotel links, which are either in a single city or state, depending on how many hotels we have available for a given location. Feel free to Google the hotels for more information! I've given these generic titles with the campaign + location to get you started: PLEASE vary your language so not every article has ""5 Hotels"" in the name, and also avoid using the exact name of the hotel for each header in the article. Read through the style guide and let me know if there are any concerns. Once it is Editor Approved you can publish and submit your link through this form: https://docs.google.com/a/steelcast.com/forms/d/1yy3ZCO3PxUTv_ZeiNVEw0AGdAX7w4lgyps9F8rtD2Eg/viewform Thanks everyone!",hipmunk.com/hotels-in-ponte-vedra-beach-fl/sawgrass-marriott-golf-resort-spa-509bfe7d66edc846610211e9-reviews,hipmunk.com/independent-hotels-in-sanibel-fl_west-wind-inn-509bfee066edc846610257c0-reviews,hipmunk.com/hotels-in-tampa-fl/tampa-airport-marriott-51237e05a0a99422e300032e-reviews,hipmunk.com/Independent-Hotels-in-Cape-Coral-FL_Dolphin-Key-Resort-509bfe3b66edc8466101e4e6-Reviews,hipmunk.com/Independent-Hotels-in-Captiva-FL_South-Seas-Island-Resort-509bfed966edc846610252d7-Reviews
boutique hotels in the US Missouri,"These are your Boutique Hotels assignments. In the fields you'll find your 5 hotel links, which are either in a single city or state, depending on how many hotels we have available for a given location. Feel free to Google the hotels for more information! I've given these generic titles with the campaign + location to get you started: PLEASE vary your language so not every article has ""5 Hotels"" in the name, and also avoid using the exact name of the hotel for each header in the article. Read through the style guide and let me know if there are any concerns. Once it is Editor Approved you can publish and submit your link through this form: https://docs.google.com/a/steelcast.com/forms/d/1yy3ZCO3PxUTv_ZeiNVEw0AGdAX7w4lgyps9F8rtD2Eg/viewform Thanks everyone!",hipmunk.com/Independent-Hotels-in-Branson-MO_Gazebo-Inn-509bfc0c66edc8466100335a-Reviews,hipmunk.com/independent-hotels-in-saint-louis-mo_the-parkway-hotel-509bfd4e66edc8466101338e-reviews,hipmunk.com/hotels-in-saint-louis-mo/marriott-st-louis-grand-hotel-509bff0766edc84661027674-reviews,hipmunk.com/hotels-in-saint-louis-mo/four-seasons-hotel-st-louis-509bfe5666edc8466101f7a7-reviews,hipmunk.com/hotels-in-kansas-city-mo/holiday-inn-country-club-plaza-509bfdd266edc8466101971b-reviews
boutique hotels in the US Pennsylvania,"These are your Boutique Hotels assignments. In the fields you'll find your 5 hotel links, which are either in a single city or state, depending on how many hotels we have available for a given location. Feel free to Google the hotels for more information! I've given these generic titles with the campaign + location to get you started: PLEASE vary your language so not every article has ""5 Hotels"" in the name, and also avoid using the exact name of the hotel for each header in the article. Read through the style guide and let me know if there are any concerns. Once it is Editor Approved you can publish and submit your link through this form: https://docs.google.com/a/steelcast.com/forms/d/1yy3ZCO3PxUTv_ZeiNVEw0AGdAX7w4lgyps9F8rtD2Eg/viewform Thanks everyone!",hipmunk.com/hotels-in-philadelphia-pa/microtel-inn-suites-by-wyndham-philadelphia-airport-509bfe3066edc8466101dca3-reviews,hipmunk.com/hotels-in-philadelphia-pa/sheraton-suites-philadelphia-airport-509c00fe66edc84661040e7e-reviews,hipmunk.com/hotels-in-philadelphia-pa/doubletree-by-hilton-philadelphia-center-city-509bff4a66edc8466102a38e-reviews,hipmunk.com/independent-hotels-in-pittsburgh-pa_hyatt-regency-pittsburgh-international-airport-509bff0366edc846610272e2-reviews,hipmunk.com/independent-hotels-in-state-college-pa_the-nittany-lion-inn-509bfd9466edc84661016a71-reviews
boutique hotels in the US Texas,"These are your Boutique Hotels assignments. In the fields you'll find your 5 hotel links, which are either in a single city or state, depending on how many hotels we have available for a given location. Feel free to Google the hotels for more information! I've given these generic titles with the campaign + location to get you started: PLEASE vary your language so not every article has ""5 Hotels"" in the name, and also avoid using the exact name of the hotel for each header in the article. Read through the style guide and let me know if there are any concerns. Once it is Editor Approved you can publish and submit your link through this form: https://docs.google.com/a/steelcast.com/forms/d/1yy3ZCO3PxUTv_ZeiNVEw0AGdAX7w4lgyps9F8rtD2Eg/viewform Thanks everyone!",hipmunk.com/independent-hotels-in-austin-tx_habitat-suites-509bfd3a66edc846610122ea-reviews,hipmunk.com/hotels-in-dallas-tx/sheraton-dallas-hotel-by-the-galleria-509bfdd366edc8466101977f-reviews,hipmunk.com/hotels-in-dallas-tx/sheraton-suites-market-center-509bfe4066edc8466101e853-reviews,hipmunk.com/hotels-in-irving-tx/the-westin-dallas-fort-worth-airport-509bfe8c66edc84661021d58-reviews,hipmunk.com/Independent-Hotels-in-Castroville-TX_Hotel-Alsace-509bfea666edc84661022f74-Reviews
boutique hotels in the US California,"These are your Boutique Hotels assignments. In the fields you'll find your 5 hotel links, which are either in a single city or state, depending on how many hotels we have available for a given location. Feel free to Google the hotels for more information! I've given these generic titles with the campaign + location to get you started: PLEASE vary your language so not every article has ""5 Hotels"" in the name, and also avoid using the exact name of the hotel for each header in the article. Read through the style guide and let me know if there are any concerns. Once it is Editor Approved you can publish and submit your link through this form: https://docs.google.com/a/steelcast.com/forms/d/1yy3ZCO3PxUTv_ZeiNVEw0AGdAX7w4lgyps9F8rtD2Eg/viewform Thanks everyone!",hipmunk.com/hotels-in-emeryville-ca/hilton-garden-inn-san-franciscooakland-bay-bridge-509bff4e66edc8466102a46f-reviews,hipmunk.com/hotels-in-garden-grove-ca/hyatt-regency-orange-county-510b7de9a0a99420020000de-reviews,hipmunk.com/hotels-in-irvine-ca/hilton-irvine-orange-county-airport-509bfdfd66edc8466101b5d5-reviews,hipmunk.com/hotels-in-irvine-ca/wyndham-irvine-orange-county-airport-509bfdd466edc846610198a0-reviews,hipmunk.com/hotels-in-oakland-ca/hilton-oakland-airport-509bfe3466edc8466101df5b-reviews
boutique hotels in the US California,"These are your Boutique Hotels assignments. In the fields you'll find your 5 hotel links, which are either in a single city or state, depending on how many hotels we have available for a given location. Feel free to Google the hotels for more information! I've given these generic titles with the campaign + location to get you started: PLEASE vary your language so not every article has ""5 Hotels"" in the name, and also avoid using the exact name of the hotel for each header in the article. Read through the style guide and let me know if there are any concerns. Once it is Editor Approved you can publish and submit your link through this form: https://docs.google.com/a/steelcast.com/forms/d/1yy3ZCO3PxUTv_ZeiNVEw0AGdAX7w4lgyps9F8rtD2Eg/viewform Thanks everyone!",hipmunk.com/hotels-in-rancho-mirage-ca/westin-mission-hills-resort-villas-509bfdd066edc8466101954f-reviews,hipmunk.com/hotels-in-palm-desert-ca/holiday-inn-express-palm-desert-rancho-miragegolf-509bfdf466edc8466101ae9b-reviews,hipmunk.com/hotels-in-palm-desert-ca/holiday-inn-express-palm-desert-rancho-miragegolf-509bfdf466edc8466101ae9b-reviews,hipmunk.com/independent-hotels-in-oroville-ca_gold-country-casino-hotel-509bfe4b66edc8466101f0eb-reviews,hipmunk.com/hotels-in-oakland-ca/hilton-oakland-airport-509bfe3466edc8466101df5b-reviews
boutique hotels in the US Massachusetts,"These are your Boutique Hotels assignments. In the fields you'll find your 5 hotel links, which are either in a single city or state, depending on how many hotels we have available for a given location. Feel free to Google the hotels for more information! I've given these generic titles with the campaign + location to get you started: PLEASE vary your language so not every article has ""5 Hotels"" in the name, and also avoid using the exact name of the hotel for each header in the article. Read through the style guide and let me know if there are any concerns. Once it is Editor Approved you can publish and submit your link through this form: https://docs.google.com/a/steelcast.com/forms/d/1yy3ZCO3PxUTv_ZeiNVEw0AGdAX7w4lgyps9F8rtD2Eg/viewform Thanks everyone!",hipmunk.com/hotels-in-cambridge-ma/courtyard-by-marriott-boston-cambridge-509bfee466edc84661025b33-reviews,hipmunk.com/hotels-in-newton-ma/crowne-plaza-boston-newton-509bfdda66edc84661019b44-reviews,hipmunk.com/independent-hotels-in-boston-ma_millennium-bostonian-hotel-boston-509bfdbf66edc84661018c8b-reviews,hipmunk.com/Independent-Hotels-in-Cambridge-MA_Irving-House-At-Harvard-509bfd9e66edc84661017353-Reviews,hipmunk.com/Independent-Hotels-in-Cambridge-MA_Harvard-Square-Hotel-509bfd8b66edc84661016349-Reviews
boutique hotels in the US Washington,"These are your Boutique Hotels assignments. In the fields you'll find your 5 hotel links, which are either in a single city or state, depending on how many hotels we have available for a given location. Feel free to Google the hotels for more information! I've given these generic titles with the campaign + location to get you started: PLEASE vary your language so not every article has ""5 Hotels"" in the name, and also avoid using the exact name of the hotel for each header in the article. Read through the style guide and let me know if there are any concerns. Once it is Editor Approved you can publish and submit your link through this form: https://docs.google.com/a/steelcast.com/forms/d/1yy3ZCO3PxUTv_ZeiNVEw0AGdAX7w4lgyps9F8rtD2Eg/viewform Thanks everyone!",hipmunk.com/hotels-in-bellevue-wa/sheraton-bellevue-hotel-509bfdce66edc846610193cc-reviews,hipmunk.com/hotels-in-bellevue-wa/hyatt-regency-bellevue-509bfc1c66edc84661003ed5-reviews,hipmunk.com/independent-hotels-in-fife-wa_emerald-queen-hotel-casino-509bfe6066edc8466101ffa7-reviews,hipmunk.com/independent-hotels-in-kirkland-wa_woodmark-hotel-and-still-spa-509bff0166edc846610270bb-reviews,hipmunk.com/independent-hotels-in-quincy-wa_cave-b-inn-51223358a0a994112c000086-reviews
boutique hotels in the US Washington,"These are your Boutique Hotels assignments. In the fields you'll find your 5 hotel links, which are either in a single city or state, depending on how many hotels we have available for a given location. Feel free to Google the hotels for more information! I've given these generic titles with the campaign + location to get you started: PLEASE vary your language so not every article has ""5 Hotels"" in the name, and also avoid using the exact name of the hotel for each header in the article. Read through the style guide and let me know if there are any concerns. Once it is Editor Approved you can publish and submit your link through this form: https://docs.google.com/a/steelcast.com/forms/d/1yy3ZCO3PxUTv_ZeiNVEw0AGdAX7w4lgyps9F8rtD2Eg/viewform Thanks everyone!",hipmunk.com/independent-hotels-in-stevenson-wa_skamania-lodge-destination-hotels-resorts-509bfdfd66edc8466101b55a-reviews,hipmunk.com/independent-hotels-in-seattle-wa_watertown-hotel-a-piece-of-pineapple-hospitality-509bfd3166edc84661011b39-reviews,hipmunk.com/independent-hotels-in-quincy-wa_cave-b-inn-51223358a0a994112c000086-reviews,hipmunk.com/independent-hotels-in-kirkland-wa_woodmark-hotel-and-still-spa-509bff0166edc846610270bb-reviews,hipmunk.com/independent-hotels-in-fife-wa_emerald-queen-hotel-casino-509bfe6066edc8466101ffa7-reviews
boutique hotels in the US Washington,"These are your Boutique Hotels assignments. In the fields you'll find your 5 hotel links, which are either in a single city or state, depending on how many hotels we have available for a given location. Feel free to Google the hotels for more information! I've given these generic titles with the campaign + location to get you started: PLEASE vary your language so not every article has ""5 Hotels"" in the name, and also avoid using the exact name of the hotel for each header in the article. Read through the style guide and let me know if there are any concerns. Once it is Editor Approved you can publish and submit your link through this form: https://docs.google.com/a/steelcast.com/forms/d/1yy3ZCO3PxUTv_ZeiNVEw0AGdAX7w4lgyps9F8rtD2Eg/viewform Thanks everyone!",hipmunk.com/independent-hotels-in-fife-wa_emerald-queen-hotel-casino-509bfe6066edc8466101ffa7-reviews,hipmunk.com/independent-hotels-in-kirkland-wa_woodmark-hotel-and-still-spa-509bff0166edc846610270bb-reviews,hipmunk.com/independent-hotels-in-quincy-wa_cave-b-inn-51223358a0a994112c000086-reviews,hipmunk.com/independent-hotels-in-stevenson-wa_skamania-lodge-destination-hotels-resorts-509bfdfd66edc8466101b55a-reviews,hipmunk.com/hotels-in-bellevue-wa/sheraton-bellevue-hotel-509bfdce66edc846610193cc-reviews
,,,,,,
,,,,,,
,,, ,,,
