Article Name,Article ID,Text
Santa Cruz--CA--US--Hotel Destination,H-14-10200-233082,"<p>Santa Cruz, California is as diverse as the people who live there. From the old boardwalks to the beaches and the redwood groves that surround it, the city is an ideal holiday destination.&nbsp; Located on Monterey Bay, Santa Cruz is about 32 miles from San Jose and 75 miles from San Francisco. It has many miles of beaches including the famous Pleasure Point and Steamer Lane. The University of California Santa Cruz and nearby Silicon Valley attract a lot of people to the city, so you might think Santa Cruz is too expensive for your getaway. However, while hotel rates are generally cheaper outside of the city, it is possible to find cheap hotels near the beach or downtown.&nbsp;</p>
<h2>How to Get to Santa Cruz, California<span style=""font-size: 12px;"">&nbsp;</span></h2>
<p><span style=""font-size: 12px;"">The closest airports to Santa Cruz, California are San Jose International Airport, which is 32 miles away; Monterey Peninsula Airport, which is 43 miles away; and San Francisco International Airport is, which is 61 miles away. All airports have shuttle and taxi services directly to Santa Cruz, and you can check to see if your hotel offers a free shuttle.</span></p>
<h2>Great Places to Stay at Bargain Rates</h2>
<h3>Downtown Santa Cruz</h3>
<p>If you are on the lookout for a cheap hotel in downtown Santa Cruz with free breakfast, the Quality Inn Motel is a good option. The rooms are spacious, and all have free Wi-Fi and free parking. Nearby attractions include the famed Santa Cruz boardwalk and wharf as well as Henry Cowell Redwoods State Park and the Roaring Camp Railroad. Another option in downtown Santa Cruz is The Islander Motel. The hotel is close to the Museum of Art and History and to the Santa Cruz Beach Boardwalk. The motel offers Wi-Fi, parking, and a complimentary continental breakfast.</p>
<h3>On the beach</h3>
<p>Staying at Casablanca On The Beach in Santa Cruz means that Main Beach and Santa Cruz Beach Boardwalk are an easy morning walk before your breakfast. This beach hotel is close to Santa Cruz Wharf and Cocoanut Grove, and with free Wi-Fi, free parking, and a bar and restaurant, this hotel offers a package that is difficult to beat.</p>
<h3>A Little Farther Afield</h3>
<p>The Inn at Pasatiempo is a ten-minute drive from downtown Santa Cruz and is an ideal base for hiking in the Henry Cowell Redwoods State Park. It is a pet-friendly hotel and offers free Wi-Fi, free parking, continental breakfast, and a swimming pool.&nbsp;</p>
<h2>Rent Unique and Cheap Santa Cruz Accommodation with Airbnb</h2>
<p>Airbnb gives you the opportunity to rent unique places from local hosts. There are 257 accommodation options under $60 in Santa Cruz. There is even a beach house for $90 that accommodates up to four people. Whether you want a shared room, a private room or an entire place, Hipmunk's Airbnb options have you covered.</p>
<h2>Business Travelers in Santa Cruz</h2>
<p>There are many cheap hotels for business travelers in Santa Cruz, CA. The Hampton Inn Santa Cruz is centrally located near the Town Clock and Mission Santa Cruz. It offers a complete business center and facilities including free Internet access. There is a complimentary hot and cold breakfast available as well as an indoor pool. The Howard Johnson Inn has easy access to the Santa Cruz Boardwalk and the University of California. Guests can use the free business center and Wi-Fi. This hotel also offers a hot tub for its guests.</p>
<h2>Best Time to Visit the Vibrant Santa Cruz, California</h2>
<p>Santa Cruz is very popular between late May and early September when school is out. Rates become lower after Labor Day, and the weather is still excellent. The cheapest time to get accommodations in Santa Cruz, CA is from November to February. Though it is a little cooler, you will still find that Santa Cruz has a lot to see and to do. One big attraction at this time of year is the migrating elephant seals and grey whales as they make their way across Monterey Bay.</p>
<h2><span style=""font-size: 12px;"">&nbsp;</span></h2>
<p>Santa Cruz enjoys great weather, affordable food, and reasonably priced accommodation. While it might be a big city, it is a city where you will find that people like one another and are willing to help you to discover their town.&nbsp; This hospitality starts at your lodgings.</p>
<p>&nbsp;</p>
<h2>More Tips on Getting Hotel Deals in Santa Cruz</h2><p>By Alex Silbajoris</p>
<p><br />When you're visiting Santa Cruz, California, you have a choice of cheap lodgings with good customer reviews. Whether you prefer roller coasters or redwoods, it's within reach. Prices rise on weekends, so slide in between the crowds.</p>
<h3>Stay Steps Away From the Santa Cruz Beach Boardwalk</h3>
<p>Family fun and sandy strolls are just steps away from hotels like the Holiday Inn Express and Suites, the Comfort Inn Beach/Boardwalk Area, the Sea and Sand Inn, and the Ocean Pacific Lodge. The boardwalk offers a day of amusements. Finish your day with surf, seafood, and a sunset.</p>
<h3>Explore Downtown Santa Cruz</h3>
<p>Find museums, galleries, shopping, and a wide choice of restaurants all around downtown Santa Cruz. Start from centrally located hotels such as the Days Inn Suites, the Continental Inn, the Pacific Inn Santa Cruz, or the Quality Inn. Try some available walking tours. You're still never far from the oceanfront and local parks.</p>
<h3>Seek Area Adventures</h3>
<p>Ocean cliffs, redwood forests, and miles of trails await nearby. Or, go out on the ocean in a sailboat or a kayak. Find lower rates at inland hotels like the Comfort Inn Santa Cruz or the Inn at Pasatiempo.</p>"
