Title,Direction,Resource Link 1,Resource Link 2,Resource Link 3,Desired Placement,Anchor Text
hipmunk hotels anchorage,"These are your Boutique Hotels assignments. In the optional fields you'll find your 5 hotel links, which are either in a single city or state, depending on how many hotels we have available for a given location. Feel free to Google the hotels for more information! I've given these generic titles with the campaign + location to get you started: PLEASE vary your language so not every article has ""5 Hotels"" in the name, and also avoid using the exact name of the hotel for each header in the article. Read through the style guide and let me know if there are any concerns. Thanks everyone!",hipmunk.com/Independent-Hotels-in-Anchorage-AK_Alaska-Backpackers-Inn-509bfc5966edc84661007064-Reviews,hipmunk.com/Independent-Hotels-in-Anchorage-AK_GuestHouse-Inn-Suites-Anchorage-509bfd7166edc84661014fe8-Reviews,hipmunk.com/Independent-Hotels-in-Anchorage-AK_Westmark-Anchorage-Hotel-509bfd0a66edc8466100fc70-Reviews,hipmunk.com/Independent-Hotels-in-Anchorage-AK_Anchorage-Grand-Hotel-509bff0366edc846610272a5-Reviews,hipmunk.com/Independent-Hotels-in-Anchorage-AK_Extended-Stay-America-Anchorage-Downtown-509bfe6f66edc8466102077b-Reviews
hipmunk hotels flagstaff,"These are your Boutique Hotels assignments. In the optional fields you'll find your 5 hotel links, which are either in a single city or state, depending on how many hotels we have available for a given location. Feel free to Google the hotels for more information! I've given these generic titles with the campaign + location to get you started: PLEASE vary your language so not every article has ""5 Hotels"" in the name, and also avoid using the exact name of the hotel for each header in the article. Read through the style guide and let me know if there are any concerns. Thanks everyone!",hipmunk.com/Independent-Hotels-in-Flagstaff-AZ_Canyon-Inn-509bfbdb66edc84661000998-Reviews,hipmunk.com/Independent-Hotels-in-Flagstaff-AZ_Little-America-Flagstaff-509bfd3166edc84661011bb9-Reviews,hipmunk.com/Independent-Hotels-in-Flagstaff-AZ_Wyndham-Flagstaff-5310aa0dc0852e2e420000a8-Reviews,hipmunk.com/Independent-Hotels-in-Flagstaff-AZ_Highland-Country-Inn-509bfc0466edc84661002cc1-Reviews,hipmunk.com/Independent-Hotels-in-Flagstaff-AZ_Hotel-Aspen-InnSuites-FlagstaffGrand-Canyon-509c00f866edc846610408e5-Reviews
hipmunk hotels phoenix,"These are your Boutique Hotels assignments. In the optional fields you'll find your 5 hotel links, which are either in a single city or state, depending on how many hotels we have available for a given location. Feel free to Google the hotels for more information! I've given these generic titles with the campaign + location to get you started: PLEASE vary your language so not every article has ""5 Hotels"" in the name, and also avoid using the exact name of the hotel for each header in the article. Read through the style guide and let me know if there are any concerns. Thanks everyone!",hipmunk.com/Independent-Hotels-in-Phoenix-AZ_Lexington-Hotel-Central-Phoenix-509bfed366edc84661024dbe-Reviews,hipmunk.com/Independent-Hotels-in-Phoenix-AZ_Royal-Palms-Resort-and-Spa-Destination-Hotels-Resorts-509bff4966edc8466102a2e7-Reviews,hipmunk.com/Independent-Hotels-in-Phoenix-AZ_The-Clarendon-Hotel-and-Spa-51224560a0a994611c000078-Reviews,hipmunk.com/Independent-Hotels-in-Phoenix-AZ_Hotel-San-Carlos-Downtown-Convention-Center-525532347f2c6c15c300011d-Reviews,hipmunk.com/Independent-Hotels-in-Sedona-AZ_Poco-Diablo-Resort-509bfcb266edc8466100b881-Reviews
hipmunk hotels carmel,"These are your Boutique Hotels assignments. In the optional fields you'll find your 5 hotel links, which are either in a single city or state, depending on how many hotels we have available for a given location. Feel free to Google the hotels for more information! I've given these generic titles with the campaign + location to get you started: PLEASE vary your language so not every article has ""5 Hotels"" in the name, and also avoid using the exact name of the hotel for each header in the article. Read through the style guide and let me know if there are any concerns. Thanks everyone!",hipmunk.com/Independent-Hotels-in-Carmel-CA_Carmel-Village-Inn-509bfdcf66edc846610194ab-Reviews,hipmunk.com/Independent-Hotels-in-Carmel-CA_Carmel-Valley-Ranch-50edd8b6bb290e795c0000d0-Reviews,hipmunk.com/Independent-Hotels-in-Carmel-CA_Carmel-Mission-Inn-509bfdc566edc84661019199-Reviews,hipmunk.com/Independent-Hotels-in-Carmel-CA_Carmel-Wayfarer-Inn-509bfe5666edc8466101f7b5-Reviews,hipmunk.com/Independent-Hotels-in-Carmel-CA_La-Playa-Carmel-509bfd3a66edc846610123a0-Reviews
hipmunk hotels la jolla,"These are your Boutique Hotels assignments. In the optional fields you'll find your 5 hotel links, which are either in a single city or state, depending on how many hotels we have available for a given location. Feel free to Google the hotels for more information! I've given these generic titles with the campaign + location to get you started: PLEASE vary your language so not every article has ""5 Hotels"" in the name, and also avoid using the exact name of the hotel for each header in the article. Read through the style guide and let me know if there are any concerns. Thanks everyone!",hipmunk.com/Independent-Hotels-in-La-Jolla-CA_La-Jolla-Cove-Suites-509bff4a66edc8466102a32d-Reviews,hipmunk.com/Independent-Hotels-in-La-Jolla-CA_La-Valencia-Hotel-509bfefb66edc84661026b69-Reviews,hipmunk.com/Independent-Hotels-in-La-Jolla-CA_Pantai-Inn-5367dfc1c0852e3a4d0000c0-Reviews,hipmunk.com/Independent-Hotels-in-La-Jolla-CA_Estancia-La-Jolla-Hotel-Spa-509bfdcc66edc84661019380-Reviews,hipmunk.com/Independent-Hotels-in-La-Jolla-CA_Grande-Colonial-Hotel-509bfe7d66edc84661021219-Reviews
hipmunk hotels laguna beach,"These are your Boutique Hotels assignments. In the optional fields you'll find your 5 hotel links, which are either in a single city or state, depending on how many hotels we have available for a given location. Feel free to Google the hotels for more information! I've given these generic titles with the campaign + location to get you started: PLEASE vary your language so not every article has ""5 Hotels"" in the name, and also avoid using the exact name of the hotel for each header in the article. Read through the style guide and let me know if there are any concerns. Thanks everyone!",hipmunk.com/Independent-Hotels-in-Laguna-Beach-CA_Laguna-Beach-House-509bfd3566edc84661011f64-Reviews,hipmunk.com/Independent-Hotels-in-Laguna-Beach-CA_Hotel-Laguna-509bff2966edc846610290c9-Reviews,hipmunk.com/Independent-Hotels-in-Laguna-Beach-CA_Inn-at-Laguna-Beach-509bfc9e66edc8466100a812-Reviews,hipmunk.com/Independent-Hotels-in-Laguna-Beach-CA_Pacific-Edge-Hotel-on-Laguna-Beach-a-Joie-de-Vivre-Hotel-509bfe8066edc846610213ea-Reviews,hipmunk.com/Independent-Hotels-in-Laguna-Beach-CA_Surf-And-Sand-Resort-509bfe8366edc846610215c8-Reviews
hipmunk hotels long beach,"These are your Boutique Hotels assignments. In the optional fields you'll find your 5 hotel links, which are either in a single city or state, depending on how many hotels we have available for a given location. Feel free to Google the hotels for more information! I've given these generic titles with the campaign + location to get you started: PLEASE vary your language so not every article has ""5 Hotels"" in the name, and also avoid using the exact name of the hotel for each header in the article. Read through the style guide and let me know if there are any concerns. Thanks everyone!",hipmunk.com/Independent-Hotels-in-Long-Beach-CA_Hotel-Current-509bfdc266edc84661018e70-Reviews,hipmunk.com/Independent-Hotels-in-Long-Beach-CA_The-Queen-Mary-509bfdc366edc84661018f52-Reviews,hipmunk.com/Independent-Hotels-in-Long-Beach-CA_The-Varden-A-Boutique-Hotel-509bfea966edc846610231fb-Reviews,hipmunk.com/Independent-Hotels-in-Long-Beach-CA_Royal-Inn-Motel-Long-Beach-509bfcfd66edc8466100f0fb-Reviews,hipmunk.com/Independent-Hotels-in-Long-Beach-CA_Seaport-Marina-Hotel-509bfed866edc8466102517f-Reviews
hipmunk hotels monterey,"These are your Boutique Hotels assignments. In the optional fields you'll find your 5 hotel links, which are either in a single city or state, depending on how many hotels we have available for a given location. Feel free to Google the hotels for more information! I've given these generic titles with the campaign + location to get you started: PLEASE vary your language so not every article has ""5 Hotels"" in the name, and also avoid using the exact name of the hotel for each header in the article. Read through the style guide and let me know if there are any concerns. Thanks everyone!",hipmunk.com/Independent-Hotels-in-Monterey-CA_Portola-Hotel-Spa-at-Monterey-Bay-509bfe6566edc846610202ee-Reviews,hipmunk.com/Independent-Hotels-in-Monterey-CA_The-Monterey-Hotel-509bfe6966edc8466102066d-Reviews,hipmunk.com/Independent-Hotels-in-Monterey-CA_Bay-Park-Hotel-509bff2466edc84661028bf3-Reviews,hipmunk.com/Independent-Hotels-in-Monterey-CA_Carmel-Hill-Del-Monte-Pines-509bfe8966edc84661021ada-Reviews,hipmunk.com/Independent-Hotels-in-Monterey-CA_The-Stevenson-Monterey-Hotel-509c013a66edc84661044064-Reviews
hipmunk hotels napa,"These are your Boutique Hotels assignments. In the optional fields you'll find your 5 hotel links, which are either in a single city or state, depending on how many hotels we have available for a given location. Feel free to Google the hotels for more information! I've given these generic titles with the campaign + location to get you started: PLEASE vary your language so not every article has ""5 Hotels"" in the name, and also avoid using the exact name of the hotel for each header in the article. Read through the style guide and let me know if there are any concerns. Thanks everyone!",hipmunk.com/Independent-Hotels-in-Napa-CA_Wine-Valley-Lodge-509bfe4466edc8466101ea80-Reviews,hipmunk.com/Independent-Hotels-in-Napa-CA_Napa-Discovery-Inn-509bfce366edc8466100dd06-Reviews,hipmunk.com/Independent-Hotels-in-Napa-CA_3-Palms-Napa-Valley-Hotel-Suites-509bfc8366edc84661009354-Reviews,hipmunk.com/Independent-Hotels-in-Napa-CA_Napa-River-Inn-509bff1966edc84661028322-Reviews,hipmunk.com/Independent-Hotels-in-Napa-CA_River-Terrace-Inn-A-Noble-House-Hotel-509bfefb66edc84661026bb5-Reviews
hipmunk hotels colorado springs,"These are your Boutique Hotels assignments. In the optional fields you'll find your 5 hotel links, which are either in a single city or state, depending on how many hotels we have available for a given location. Feel free to Google the hotels for more information! I've given these generic titles with the campaign + location to get you started: PLEASE vary your language so not every article has ""5 Hotels"" in the name, and also avoid using the exact name of the hotel for each header in the article. Read through the style guide and let me know if there are any concerns. Thanks everyone!",hipmunk.com/Independent-Hotels-in-Colorado-Springs-CO_Cheyenne-Mountain-Resort-509bfdc266edc84661018edf-Reviews,hipmunk.com/Independent-Hotels-in-Colorado-Springs-CO_Garden-of-the-Gods-Club-and-Resort-509bfeb566edc84661023823-Reviews,hipmunk.com/Independent-Hotels-in-Colorado-Springs-CO_The-Broadmoor-509bfe8566edc84661021772-Reviews,hipmunk.com/Independent-Hotels-in-Colorado-Springs-CO_The-Academy-Hotel-Colorado-Springs-509bff1c66edc846610284e8-Reviews,hipmunk.com/Independent-Hotels-in-Colorado-Springs-CO_Spurs-n-Lace-Inn-509bfeff66edc84661026f5c-Reviews
hipmunk hotels vail,"These are your Boutique Hotels assignments. In the optional fields you'll find your 5 hotel links, which are either in a single city or state, depending on how many hotels we have available for a given location. Feel free to Google the hotels for more information! I've given these generic titles with the campaign + location to get you started: PLEASE vary your language so not every article has ""5 Hotels"" in the name, and also avoid using the exact name of the hotel for each header in the article. Read through the style guide and let me know if there are any concerns. Thanks everyone!",hipmunk.com/Independent-Hotels-in-Vail-CO_Sonnenalp-509bfdfb66edc8466101b3e1-Reviews,hipmunk.com/Independent-Hotels-in-Vail-CO_Vail-Cascade-Resort-Spa-Destination-Hotels-Resorts-509bfdc466edc846610190ab-Reviews,hipmunk.com/Independent-Hotels-in-Vail-CO_Tivoli-Lodge-509bff3166edc846610295a9-Reviews,hipmunk.com/Independent-Hotels-in-Vail-CO_Lionshead-Inn-509bfefd66edc84661026df5-Reviews,hipmunk.com/Independent-Hotels-in-Vail-CO_Evergreen-Lodge-509bff0466edc84661027390-Reviews
hipmunk hotels clearwater beach,"These are your Boutique Hotels assignments. In the optional fields you'll find your 5 hotel links, which are either in a single city or state, depending on how many hotels we have available for a given location. Feel free to Google the hotels for more information! I've given these generic titles with the campaign + location to get you started: PLEASE vary your language so not every article has ""5 Hotels"" in the name, and also avoid using the exact name of the hotel for each header in the article. Read through the style guide and let me know if there are any concerns. Thanks everyone!",hipmunk.com/Independent-Hotels-in-Clearwater-Beach-FL_Sandpearl-Resort-509bfdbf66edc84661018c53-Reviews,hipmunk.com/Independent-Hotels-in-Clearwater-FL_Magnuson-Hotel-Clearwater-Central-509bfe1166edc8466101c3da-Reviews,hipmunk.com/Independent-Hotels-in-Clearwater-Beach-FL_Shephards-Beach-Resort-50ed9483bb290e6e2700009e-Reviews,hipmunk.com/Independent-Hotels-in-Clearwater-Beach-FL_Beachview-Inn-509bfe2766edc8466101d519-Reviews,hipmunk.com/Independent-Hotels-in-Clearwater-Beach-FL_Gulf-Beach-Inn-509bff7466edc8466102c261-Reviews
hipmunk hotels sanibel,"These are your Boutique Hotels assignments. In the optional fields you'll find your 5 hotel links, which are either in a single city or state, depending on how many hotels we have available for a given location. Feel free to Google the hotels for more information! I've given these generic titles with the campaign + location to get you started: PLEASE vary your language so not every article has ""5 Hotels"" in the name, and also avoid using the exact name of the hotel for each header in the article. Read through the style guide and let me know if there are any concerns. Thanks everyone!",hipmunk.com/Independent-Hotels-in-Sanibel-FL_Song-of-the-Sea-509c013066edc8466104371a-Reviews,hipmunk.com/Independent-Hotels-in-Sanibel-FL_Casa-Ybel-Resort-509bfc7b66edc84661008be3-Reviews,hipmunk.com/Independent-Hotels-in-Sanibel-FL_West-Wind-Inn-509bfee066edc846610257c0-Reviews,hipmunk.com/Independent-Hotels-in-Sanibel-FL_Sanibel-Inn-509bfdcf66edc846610194f0-Reviews,hipmunk.com/Independent-Hotels-in-Sanibel-FL_Sunset-Beach-Inn-509bff4066edc84661029b35-Reviews
hipmunk hotels treasure island,"These are your Boutique Hotels assignments. In the optional fields you'll find your 5 hotel links, which are either in a single city or state, depending on how many hotels we have available for a given location. Feel free to Google the hotels for more information! I've given these generic titles with the campaign + location to get you started: PLEASE vary your language so not every article has ""5 Hotels"" in the name, and also avoid using the exact name of the hotel for each header in the article. Read through the style guide and let me know if there are any concerns. Thanks everyone!",hipmunk.com/Independent-Hotels-in-Treasure-Island-FL_Bilmar-Beach-Resort-51237e14a0a99422e30003f6-Reviews,hipmunk.com/Independent-Hotels-in-Treasure-Island-FL_Treasure-Bay-Hotel-Marina-509bfc1f66edc8466100420a-Reviews,hipmunk.com/Independent-Hotels-in-Treasure-Island-FL_Thunderbird-Beach-Resort-509bfe6466edc846610202b2-Reviews,hipmunk.com/Independent-Hotels-in-Treasure-Island-FL_Crystal-Palms-Beach-Resort-509bfdd166edc846610195fc-Reviews,hipmunk.com/Independent-Hotels-in-Treasure-Island-FL_Oasis-Palms-Resort-509bfcbf66edc8466100bfa7-Reviews
hipmunk hotels kihei,"These are your Boutique Hotels assignments. In the optional fields you'll find your 5 hotel links, which are either in a single city or state, depending on how many hotels we have available for a given location. Feel free to Google the hotels for more information! I've given these generic titles with the campaign + location to get you started: PLEASE vary your language so not every article has ""5 Hotels"" in the name, and also avoid using the exact name of the hotel for each header in the article. Read through the style guide and let me know if there are any concerns. Thanks everyone!",hipmunk.com/Independent-Hotels-in-Kihei-HI_Luana-Kai-Resort-5121fb33a0a99406b800004c-Reviews,hipmunk.com/Independent-Hotels-in-Kihei-HI_CRH-Maui-Kamaole-509c00dd66edc8466103f892-Reviews,hipmunk.com/Independent-Hotels-in-Kihei-HI_Maui-Sunseeker-LGBT-Resort-509bfede66edc846610255c6-Reviews,hipmunk.com/Independent-Hotels-in-Kihei-HI_Maui-Coast-Hotel-510ad71ba0a9940c0b000022-Reviews,hipmunk.com/Independent-Hotels-in-Kihei-HI_Maui-Banyan-Vacation-Club-512d399ea0a99437a4000018-Reviews
hipmunk hotels boise,"These are your Boutique Hotels assignments. In the optional fields you'll find your 5 hotel links, which are either in a single city or state, depending on how many hotels we have available for a given location. Feel free to Google the hotels for more information! I've given these generic titles with the campaign + location to get you started: PLEASE vary your language so not every article has ""5 Hotels"" in the name, and also avoid using the exact name of the hotel for each header in the article. Read through the style guide and let me know if there are any concerns. Thanks everyone!",hipmunk.com/Independent-Hotels-in-Boise-ID_Safari-Inn-Downtown-509bfed766edc846610250be-Reviews,hipmunk.com/Independent-Hotels-in-Boise-ID_The-Riverside-Hotel-510acfd1a0a9945ff6000008-Reviews,hipmunk.com/Independent-Hotels-in-Boise-ID_Cottonwood-Suites-Boise-Riverside-Downtown-509bfef166edc8466102634d-Reviews,hipmunk.com/Independent-Hotels-in-Boise-ID_Hotel-43-509bfc5266edc84661006afb-Reviews,hipmunk.com/Independent-Hotels-in-Boise-ID_The-Grove-Hotel-509bfe2d66edc8466101da3a-Reviews
hipmunk hotels indianapolis,"These are your Boutique Hotels assignments. In the optional fields you'll find your 5 hotel links, which are either in a single city or state, depending on how many hotels we have available for a given location. Feel free to Google the hotels for more information! I've given these generic titles with the campaign + location to get you started: PLEASE vary your language so not every article has ""5 Hotels"" in the name, and also avoid using the exact name of the hotel for each header in the article. Read through the style guide and let me know if there are any concerns. Thanks everyone!",hipmunk.com/Independent-Hotels-in-Indianapolis-IN_Caribbean-Cove-Hotel-Water-Park-509bfcf666edc8466100ed6a-Reviews,hipmunk.com/Independent-Hotels-in-Indianapolis-IN_Sybaris-Pool-Suites-Indianapolis-53304d2ac0852e75fe00000c-Reviews,hipmunk.com/Independent-Hotels-in-Indianapolis-IN_Omni-Severin-Hotel-509bfdc466edc8466101904e-Reviews,hipmunk.com/Independent-Hotels-in-Indianapolis-IN_The-Columbia-Club-509bff0366edc846610272d8-Reviews,hipmunk.com/Independent-Hotels-in-Indianapolis-IN_Stone-Soup-Inn-509c00f566edc84661040712-Reviews
hipmunk hotels cambridge,"These are your Boutique Hotels assignments. In the optional fields you'll find your 5 hotel links, which are either in a single city or state, depending on how many hotels we have available for a given location. Feel free to Google the hotels for more information! I've given these generic titles with the campaign + location to get you started: PLEASE vary your language so not every article has ""5 Hotels"" in the name, and also avoid using the exact name of the hotel for each header in the article. Read through the style guide and let me know if there are any concerns. Thanks everyone!",hipmunk.com/Independent-Hotels-in-Cambridge-MA_Hotel-Marlowe-a-Kimpton-Hotel-509bfdd366edc846610197ee-Reviews,hipmunk.com/Independent-Hotels-in-Cambridge-MA_Hotel-Veritas-509bfe4f66edc8466101f416-Reviews,hipmunk.com/Independent-Hotels-in-Cambridge-MA_Royal-Sonesta-Boston-509bfdd366edc84661019757-Reviews,hipmunk.com/Independent-Hotels-in-Cambridge-MA_The-Kendall-Hotel-509bfe6566edc846610202f0-Reviews,hipmunk.com/Independent-Hotels-in-Cambridge-MA_The-Charles-Hotel-509bfdd166edc8466101962d-Reviews
hipmunk hotels baltimore,"These are your Boutique Hotels assignments. In the optional fields you'll find your 5 hotel links, which are either in a single city or state, depending on how many hotels we have available for a given location. Feel free to Google the hotels for more information! I've given these generic titles with the campaign + location to get you started: PLEASE vary your language so not every article has ""5 Hotels"" in the name, and also avoid using the exact name of the hotel for each header in the article. Read through the style guide and let me know if there are any concerns. Thanks everyone!",hipmunk.com/Independent-Hotels-in-Baltimore-MD_Embassy-Suites-Baltimore-Inner-Harbor-509bff0c66edc84661027983-Reviews,hipmunk.com/Independent-Hotels-in-Baltimore-MD_Hotel-Brexton-509bfe7f66edc84661021382-Reviews,hipmunk.com/Independent-Hotels-in-Baltimore-MD_Envy-Hotel-509bfe3b66edc8466101e45c-Reviews,hipmunk.com/Independent-Hotels-in-Baltimore-MD_Baltimore-Harbor-Hotel-509bfdc966edc84661019315-Reviews,hipmunk.com/Independent-Hotels-in-Baltimore-MD_Inn-at-2920-509bfd1266edc8466101021e-Reviews
hipmunk hotels ocean city,"These are your Boutique Hotels assignments. In the optional fields you'll find your 5 hotel links, which are either in a single city or state, depending on how many hotels we have available for a given location. Feel free to Google the hotels for more information! I've given these generic titles with the campaign + location to get you started: PLEASE vary your language so not every article has ""5 Hotels"" in the name, and also avoid using the exact name of the hotel for each header in the article. Read through the style guide and let me know if there are any concerns. Thanks everyone!",hipmunk.com/Independent-Hotels-in-Ocean-City-MD_Bonita-Beach-Hotel-509c01ac66edc8466104957d-Reviews,hipmunk.com/Independent-Hotels-in-Ocean-City-MD_Cayman-Suites-Hotel-509bfd8566edc84661015e74-Reviews,hipmunk.com/Independent-Hotels-in-Ocean-City-MD_Plim-Plaza-Hotel-5254f29d7f2c6c127e00008c-Reviews,hipmunk.com/Independent-Hotels-in-Ocean-City-MD_Flagship-Oceanfront-Hotel-509bffce66edc846610309aa-Reviews,hipmunk.com/Independent-Hotels-in-Ocean-City-MD_Coastal-Palms-Inn-Suites-50ed1aecbb290e028a000002-Reviews
hipmunk hotels ann arbor,"These are your Boutique Hotels assignments. In the optional fields you'll find your 5 hotel links, which are either in a single city or state, depending on how many hotels we have available for a given location. Feel free to Google the hotels for more information! I've given these generic titles with the campaign + location to get you started: PLEASE vary your language so not every article has ""5 Hotels"" in the name, and also avoid using the exact name of the hotel for each header in the article. Read through the style guide and let me know if there are any concerns. Thanks everyone!",hipmunk.com/Independent-Hotels-in-Ann-Arbor-MI_Campus-Inn-Ann-Arbor-509c019866edc846610486ec-Reviews,hipmunk.com/Independent-Hotels-in-Ann-Arbor-MI_The-Kensington-Court-509bfc1066edc84661003661-Reviews,hipmunk.com/Independent-Hotels-in-Ann-Arbor-MI_Bell-Tower-Hotel-509bfd0a66edc8466100fbb4-Reviews,hipmunk.com/Independent-Hotels-in-Ann-Arbor-MI_Webers-Inn-509bfeb766edc84661023a2d-Reviews,hipmunk.com/Independent-Hotels-in-Ann-Arbor-MI_Lamp-Post-Inn-509bfca566edc8466100ad46-Reviews
hipmunk hotels detroit,"These are your Boutique Hotels assignments. In the optional fields you'll find your 5 hotel links, which are either in a single city or state, depending on how many hotels we have available for a given location. Feel free to Google the hotels for more information! I've given these generic titles with the campaign + location to get you started: PLEASE vary your language so not every article has ""5 Hotels"" in the name, and also avoid using the exact name of the hotel for each header in the article. Read through the style guide and let me know if there are any concerns. Thanks everyone!",hipmunk.com/Independent-Hotels-in-Detroit-MI_MGM-Grand-Detroit-509c024966edc84661051780-Reviews,hipmunk.com/Independent-Hotels-in-Detroit-MI_MotorCity-Casino-Hotel-509bfede66edc846610255ae-Reviews,hipmunk.com/Independent-Hotels-in-Detroit-MI_Roberts-Riverwalk-Hotel-Detroit-512d7e92a0a99475d6000026-Reviews,hipmunk.com/Independent-Hotels-in-Detroit-MI_Greektown-Casino-Hotel-509bfe8e66edc84661021e2b-Reviews,hipmunk.com/Independent-Hotels-in-Detroit-MI_Atheneum-Suite-Hotel-509bfe2c66edc8466101d974-Reviews
hipmunk hotels minneapolis,"These are your Boutique Hotels assignments. In the optional fields you'll find your 5 hotel links, which are either in a single city or state, depending on how many hotels we have available for a given location. Feel free to Google the hotels for more information! I've given these generic titles with the campaign + location to get you started: PLEASE vary your language so not every article has ""5 Hotels"" in the name, and also avoid using the exact name of the hotel for each header in the article. Read through the style guide and let me know if there are any concerns. Thanks everyone!",hipmunk.com/Independent-Hotels-in-Minneapolis-MN_Snelling-Motel-5254f84d7f2c6c79fa0000a4-Reviews,hipmunk.com/Independent-Hotels-in-Minneapolis-MN_University-Inn-509bfe2b66edc8466101d910-Reviews,hipmunk.com/Independent-Hotels-in-Minneapolis-MN_The-Commons-Hotel-A-Noble-House-Hotel-509bfdbd66edc84661018afe-Reviews,hipmunk.com/Independent-Hotels-in-Minneapolis-MN_Metro-Inn-Motel-509bfde866edc8466101a847-Reviews,hipmunk.com/Independent-Hotels-in-Minneapolis-MN_W-Minneapolis-The-Foshay-509bfdd366edc8466101979e-Reviews
hipmunk hotels asheville,"These are your Boutique Hotels assignments. In the optional fields you'll find your 5 hotel links, which are either in a single city or state, depending on how many hotels we have available for a given location. Feel free to Google the hotels for more information! I've given these generic titles with the campaign + location to get you started: PLEASE vary your language so not every article has ""5 Hotels"" in the name, and also avoid using the exact name of the hotel for each header in the article. Read through the style guide and let me know if there are any concerns. Thanks everyone!",hipmunk.com/Independent-Hotels-in-Asheville-NC_Brookstone-Lodge-5122b7aaa0a99417ec0000ac-Reviews,hipmunk.com/Independent-Hotels-in-Asheville-NC_Guesthouse-International-Inn-Biltmore-509bfe8966edc84661021a80-Reviews,hipmunk.com/Independent-Hotels-in-Asheville-NC_The-Residences-At-Biltmore-509bfe1f66edc8466101ce93-Reviews,hipmunk.com/Independent-Hotels-in-Asheville-NC_Hill-House-Bed-Breakfast-Inn-5255897c7f2c6c148100007e-Reviews,hipmunk.com/Independent-Hotels-in-Asheville-NC_Haywood-Park-Hotel-509bfe0b66edc8466101c104-Reviews
hipmunk hotels alb NM,"These are your Boutique Hotels assignments. In the optional fields you'll find your 5 hotel links, which are either in a single city or state, depending on how many hotels we have available for a given location. Feel free to Google the hotels for more information! I've given these generic titles with the campaign + location to get you started: PLEASE vary your language so not every article has ""5 Hotels"" in the name, and also avoid using the exact name of the hotel for each header in the article. Read through the style guide and let me know if there are any concerns. Thanks everyone!",hipmunk.com/Independent-Hotels-in-Albuquerque-NM_Hotel-Cascada-5254d4a07f2c6c59ae00004d-Reviews,hipmunk.com/Independent-Hotels-in-Albuquerque-NM_MCM-Elegante-509bfe1f66edc8466101ce16-Reviews,hipmunk.com/Independent-Hotels-in-Albuquerque-NM_Clubhouse-Inn-Albuquerque-509bfea366edc84661022ced-Reviews,hipmunk.com/Independent-Hotels-in-Albuquerque-NM_Nativo-Lodge-509bfe9766edc84661022610-Reviews,hipmunk.com/Independent-Hotels-in-Albuquerque-NM_Isleta-Resort-and-Casino-5254d5297f2c6c59ae0000d1-Reviews
hipmunk hotels laughlin,"These are your Boutique Hotels assignments. In the optional fields you'll find your 5 hotel links, which are either in a single city or state, depending on how many hotels we have available for a given location. Feel free to Google the hotels for more information! I've given these generic titles with the campaign + location to get you started: PLEASE vary your language so not every article has ""5 Hotels"" in the name, and also avoid using the exact name of the hotel for each header in the article. Read through the style guide and let me know if there are any concerns. Thanks everyone!",hipmunk.com/Independent-Hotels-in-Laughlin-NV_Golden-Nugget-509bff2166edc8466102899e-Reviews,hipmunk.com/Independent-Hotels-in-Laughlin-NV_Avi-Resort-Casino-509bfebd66edc84661023e37-Reviews,hipmunk.com/Independent-Hotels-in-Laughlin-NV_Colorado-Belle-Hotel-Casino-Resort-50ed0c12bb290e6196000006-Reviews,hipmunk.com/Independent-Hotels-in-Laughlin-NV_Edgewater-Hotel-Casino-50ed0c12bb290e6196000000-Reviews,hipmunk.com/Independent-Hotels-in-Laughlin-NV_Riverside-Resort-Hotel-Casino-509bfcae66edc8466100b57b-Reviews
hipmunk hotels reno,"These are your Boutique Hotels assignments. In the optional fields you'll find your 5 hotel links, which are either in a single city or state, depending on how many hotels we have available for a given location. Feel free to Google the hotels for more information! I've given these generic titles with the campaign + location to get you started: PLEASE vary your language so not every article has ""5 Hotels"" in the name, and also avoid using the exact name of the hotel for each header in the article. Read through the style guide and let me know if there are any concerns. Thanks everyone!",hipmunk.com/Independent-Hotels-in-Reno-NV_Harrahs-Casino-Hotel-Reno-509c024566edc84661051448-Reviews,hipmunk.com/Independent-Hotels-in-Reno-NV_Peppermill-Resort-Spa-Casino-50ed0c14bb290e6196000028-Reviews,hipmunk.com/Independent-Hotels-in-Reno-NV_Sands-Regency-Casino-Hotel-509c024566edc8466105144c-Reviews,hipmunk.com/Independent-Hotels-in-Reno-NV_Silver-Legacy-Resort-Casino-509bfdcf66edc846610194dd-Reviews,hipmunk.com/Independent-Hotels-in-Reno-NV_Circus-Circus-Hotel-Casino-Reno-509bfdc566edc8466101918f-Reviews
hipmunk hotels stateline,"These are your Boutique Hotels assignments. In the optional fields you'll find your 5 hotel links, which are either in a single city or state, depending on how many hotels we have available for a given location. Feel free to Google the hotels for more information! I've given these generic titles with the campaign + location to get you started: PLEASE vary your language so not every article has ""5 Hotels"" in the name, and also avoid using the exact name of the hotel for each header in the article. Read through the style guide and let me know if there are any concerns. Thanks everyone!",hipmunk.com/Independent-Hotels-in-Stateline-NV_Harrahs-Lake-Tahoe-Resort-Casino-509c00de66edc8466103f953-Reviews,hipmunk.com/Independent-Hotels-in-Stateline-NV_Lakeside-Inn-and-Casino-509bfe0f66edc8466101c27f-Reviews,hipmunk.com/Independent-Hotels-in-Stateline-NV_Tahoe-Summit-Village-509bfc8666edc846610095de-Reviews,hipmunk.com/Independent-Hotels-in-Stateline-NV_The-Ridge-Tahoe-509bfdc666edc846610191fc-Reviews,hipmunk.com/Independent-Hotels-in-Stateline-NV_MontBleu-Resort-Casino-Spa-509bfed766edc846610250d1-Reviews
hipmunk hotels brooklyn,"These are your Boutique Hotels assignments. In the optional fields you'll find your 5 hotel links, which are either in a single city or state, depending on how many hotels we have available for a given location. Feel free to Google the hotels for more information! I've given these generic titles with the campaign + location to get you started: PLEASE vary your language so not every article has ""5 Hotels"" in the name, and also avoid using the exact name of the hotel for each header in the article. Read through the style guide and let me know if there are any concerns. Thanks everyone!",hipmunk.com/Independent-Hotels-in-Brooklyn-NY_Lxure-Brooklyn-Suites-509c006266edc84661038c9b-Reviews,hipmunk.com/Independent-Hotels-in-Brooklyn-NY_B-Hotel-Hostel-5255f0507f2c6c31640003f4-Reviews,hipmunk.com/Independent-Hotels-in-Brooklyn-NY_Hotel-Le-Jolie-509bfe4c66edc8466101f12c-Reviews,hipmunk.com/Independent-Hotels-in-Brooklyn-NY_Galaxy-Motel-509bffb666edc8466102f504-Reviews,hipmunk.com/Independent-Hotels-in-Brooklyn-NY_Eves-Place-509c004466edc84661037072-Reviews
hipmunk hotels NYC,"These are your Boutique Hotels assignments. In the optional fields you'll find your 5 hotel links, which are either in a single city or state, depending on how many hotels we have available for a given location. Feel free to Google the hotels for more information! I've given these generic titles with the campaign + location to get you started: PLEASE vary your language so not every article has ""5 Hotels"" in the name, and also avoid using the exact name of the hotel for each header in the article. Read through the style guide and let me know if there are any concerns. Thanks everyone!",hipmunk.com/Independent-Hotels-in-New-York-City-NY_Ameritania-at-Times-Square-509bfdc466edc8466101904a-Reviews,hipmunk.com/Independent-Hotels-in-New-York-City-NY_The-Iroquois-509c028e66edc84661055244-Reviews,hipmunk.com/Independent-Hotels-in-New-York-City-NY_The-Benjamin-509bfdcc66edc84661019330-Reviews,hipmunk.com/Independent-Hotels-in-New-York-City-NY_ink48-hotel-a-Kimpton-Hotel-509bfdce66edc84661019462-Reviews,hipmunk.com/Independent-Hotels-in-New-York-City-NY_Dylan-Hotel-5122d1a6a0a994522200021c-Reviews
hipmunk hotels eugene,"These are your Boutique Hotels assignments. In the optional fields you'll find your 5 hotel links, which are either in a single city or state, depending on how many hotels we have available for a given location. Feel free to Google the hotels for more information! I've given these generic titles with the campaign + location to get you started: PLEASE vary your language so not every article has ""5 Hotels"" in the name, and also avoid using the exact name of the hotel for each header in the article. Read through the style guide and let me know if there are any concerns. Thanks everyone!",hipmunk.com/Independent-Hotels-in-Eugene-OR_Valley-River-Inn-509bff1b66edc8466102841d-Reviews,hipmunk.com/Independent-Hotels-in-Eugene-OR_Inn-at-the-5th-509bff8a66edc8466102d3ce-Reviews,hipmunk.com/Independent-Hotels-in-Eugene-OR_Excelsior-Inn-525502b37f2c6c32b500009b-Reviews,hipmunk.com/Independent-Hotels-in-Eugene-OR_The-Oval-Door-525502927f2c6c32b5000079-Reviews,hipmunk.com/Independent-Hotels-in-Eugene-OR_The-Campbell-House-A-City-Inn-50ed1dedbb290e08f900001a-Reviews
hipmunk hotels charleston,"These are your Boutique Hotels assignments. In the optional fields you'll find your 5 hotel links, which are either in a single city or state, depending on how many hotels we have available for a given location. Feel free to Google the hotels for more information! I've given these generic titles with the campaign + location to get you started: PLEASE vary your language so not every article has ""5 Hotels"" in the name, and also avoid using the exact name of the hotel for each header in the article. Read through the style guide and let me know if there are any concerns. Thanks everyone!",hipmunk.com/Independent-Hotels-in-Charleston-SC_Elliott-House-Inn-509bfd0266edc8466100f4ce-Reviews,hipmunk.com/Independent-Hotels-in-Charleston-SC_The-Restoration-on-King-509bfef766edc8466102685e-Reviews,hipmunk.com/Independent-Hotels-in-Charleston-SC_Town-Country-Inn-and-Suites-509bfe0566edc8466101bbd2-Reviews,hipmunk.com/Independent-Hotels-in-Charleston-SC_Planters-Inn-509bff1566edc84661028061-Reviews,hipmunk.com/Independent-Hotels-in-Charleston-SC_The-Meeting-Street-Inn-509bff2b66edc8466102925b-Reviews
hipmunk hotels hilton head island,"These are your Boutique Hotels assignments. In the optional fields you'll find your 5 hotel links, which are either in a single city or state, depending on how many hotels we have available for a given location. Feel free to Google the hotels for more information! I've given these generic titles with the campaign + location to get you started: PLEASE vary your language so not every article has ""5 Hotels"" in the name, and also avoid using the exact name of the hotel for each header in the article. Read through the style guide and let me know if there are any concerns. Thanks everyone!",hipmunk.com/Independent-Hotels-in-Hilton-Head-Island-SC_Disneys-Hilton-Head-Island-Resort-509bfcbd66edc8466100be00-Reviews,hipmunk.com/Independent-Hotels-in-Hilton-Head-Island-SC_Shipyard-Resort-by-Spinnaker-Resorts-50ed2df8bb290e2a0b000058-Reviews,hipmunk.com/Independent-Hotels-in-Hilton-Head-Island-SC_Omni-Hilton-Head-Oceanfront-Resort-509c024a66edc846610517f5-Reviews,hipmunk.com/Independent-Hotels-in-Hilton-Head-Island-SC_Sonesta-Resort-Hilton-Head-Island-525531f37f2c6c0f1e00015a-Reviews,hipmunk.com/Independent-Hotels-in-Hilton-Head-Island-SC_Hilton-Head-Metropolitan-Hotel-509bfd1466edc846610103c8-Reviews
hipmunk hotels park city,"These are your Boutique Hotels assignments. In the optional fields you'll find your 5 hotel links, which are either in a single city or state, depending on how many hotels we have available for a given location. Feel free to Google the hotels for more information! I've given these generic titles with the campaign + location to get you started: PLEASE vary your language so not every article has ""5 Hotels"" in the name, and also avoid using the exact name of the hotel for each header in the article. Read through the style guide and let me know if there are any concerns. Thanks everyone!",hipmunk.com/Independent-Hotels-in-Park-City-UT_Park-Regency-Resort-509bfd1166edc84661010125-Reviews,hipmunk.com/Independent-Hotels-in-Park-City-UT_PowderWood-Resort-5471ebf2c0852e520b000011-Reviews,hipmunk.com/Independent-Hotels-in-Park-City-UT_Stein-Eriksen-Lodge-509bfd3366edc84661011da6-Reviews,hipmunk.com/Independent-Hotels-in-Park-City-UT_The-Park-City-Peaks-Hotel-510add65a0a9944d5800001c-Reviews,hipmunk.com/Independent-Hotels-in-Park-City-UT_Montage-Deer-Valley-509bfe0a66edc8466101bf9f-Reviews
hipmunk hotels virginia beach,"These are your Boutique Hotels assignments. In the optional fields you'll find your 5 hotel links, which are either in a single city or state, depending on how many hotels we have available for a given location. Feel free to Google the hotels for more information! I've given these generic titles with the campaign + location to get you started: PLEASE vary your language so not every article has ""5 Hotels"" in the name, and also avoid using the exact name of the hotel for each header in the article. Read through the style guide and let me know if there are any concerns. Thanks everyone!",hipmunk.com/Independent-Hotels-in-Virginia-Beach-VA_Marjac-Suites-509bff3366edc84661029724-Reviews,hipmunk.com/Independent-Hotels-in-Virginia-Beach-VA_Oceanfront-Inn-509c010566edc846610414bf-Reviews,hipmunk.com/Independent-Hotels-in-Virginia-Beach-VA_Ocean-Key-Resort-509bfe6466edc846610202d6-Reviews,hipmunk.com/Independent-Hotels-in-Virginia-Beach-VA_The-Dolphin-Inn-509bff3466edc8466102979b-Reviews,hipmunk.com/Independent-Hotels-in-Virginia-Beach-VA_The-Cavalier-Hotel-509bff0666edc84661027593-Reviews
hipmunk hotels spokane,"These are your Boutique Hotels assignments. In the optional fields you'll find your 5 hotel links, which are either in a single city or state, depending on how many hotels we have available for a given location. Feel free to Google the hotels for more information! I've given these generic titles with the campaign + location to get you started: PLEASE vary your language so not every article has ""5 Hotels"" in the name, and also avoid using the exact name of the hotel for each header in the article. Read through the style guide and let me know if there are any concerns. Thanks everyone!",hipmunk.com/Independent-Hotels-in-Spokane-WA_Fairbridge-Inn-Express-509bfee966edc84661025f02-Reviews,hipmunk.com/Independent-Hotels-in-Spokane-WA_Red-Lion-Hotel-at-the-Park-Spokane-509bff1066edc84661027c8f-Reviews,hipmunk.com/Independent-Hotels-in-Spokane-WA_Comfort-Inn-North-509bfeb166edc846610234db-Reviews,hipmunk.com/Independent-Hotels-in-Spokane-WA_Red-Lion-River-Inn-509bff0766edc846610276c8-Reviews,hipmunk.com/Independent-Hotels-in-Spokane-WA_Hotel-Ruby-509bfe7d66edc84661021211-Reviews
hipmunk hotels monterey,"These are your Boutique Hotels assignments. In the optional fields you'll find your 5 hotel links, which are either in a single city or state, depending on how many hotels we have available for a given location. Feel free to Google the hotels for more information! I've given these generic titles with the campaign + location to get you started: PLEASE vary your language so not every article has ""5 Hotels"" in the name, and also avoid using the exact name of the hotel for each header in the article. Read through the style guide and let me know if there are any concerns. Thanks everyone!",hipmunk.com/independent-hotels-in-monterey-ca_merritt-house-inn-509bfc7d66edc84661008d98-reviews,hipmunk.com/independent-hotels-in-monterey-ca_monterey-bay-lodge-509bfd3966edc84661012237-reviews,hipmunk.com/independent-hotels-in-monterey-ca_monterey-plaza-hotel-spa-509bff1066edc84661027c94-reviews,hipmunk.com/independent-hotels-in-monterey-ca_monterey-surf-inn-509bfc3b66edc84661005963-reviews,hipmunk.com/independent-hotels-in-monterey-ca_portola-hotel-spa-at-monterey-bay-509bfe6566edc846610202ee-reviews
hipmunk hotels jackson,"These are your Boutique Hotels assignments. In the optional fields you'll find your 5 hotel links, which are either in a single city or state, depending on how many hotels we have available for a given location. Feel free to Google the hotels for more information! I've given these generic titles with the campaign + location to get you started: PLEASE vary your language so not every article has ""5 Hotels"" in the name, and also avoid using the exact name of the hotel for each header in the article. Read through the style guide and let me know if there are any concerns. Thanks everyone!",hipmunk.com/Independent-Hotels-in-Jackson-WY_Spring-Creek-Ranch-509bfc9d66edc8466100a6f7-Reviews,hipmunk.com/Independent-Hotels-in-Jackson-WY_The-alpine-house-Lodge-Cottages-5254a9997f2c6c3075000071-Reviews,hipmunk.com/Independent-Hotels-in-Jackson-WY_El-Rancho-Motel-509bfd0f66edc8466100ff4a-Reviews,hipmunk.com/Independent-Hotels-in-Jackson-WY_Parkway-Inn-509c01a466edc84661048e00-Reviews,hipmunk.com/Independent-Hotels-in-Jackson-WY_Jackson-Hole-Lodge-509c01a466edc84661048dfb-Reviews
hipmunk hotels williamsburg,"These are your Boutique Hotels assignments. In the optional fields you'll find your 5 hotel links, which are either in a single city or state, depending on how many hotels we have available for a given location. Feel free to Google the hotels for more information! I've given these generic titles with the campaign + location to get you started: PLEASE vary your language so not every article has ""5 Hotels"" in the name, and also avoid using the exact name of the hotel for each header in the article. Read through the style guide and let me know if there are any concerns. Thanks everyone!",hipmunk.com/Independent-Hotels-in-Williamsburg-VA_Kings-Creek-Plantation-509bfc4766edc846610061f3-Reviews,hipmunk.com/Independent-Hotels-in-Williamsburg-VA_The-Historic-Powhatan-Resort-5122b90ea0a994081a0000b2-Reviews,hipmunk.com/Independent-Hotels-in-Williamsburg-VA_Williamsburg-Lodge-509c01be66edc8466104a4f5-Reviews,hipmunk.com/Independent-Hotels-in-Williamsburg-VA_Williamsburg-Plantation-509c010566edc84661041465-Reviews,hipmunk.com/Independent-Hotels-in-Williamsburg-VA_Great-Wolf-Lodge-Williamsburg-509bfeec66edc84661026085-Reviews
hipmunk hotels salt lake city,"These are your Boutique Hotels assignments. In the optional fields you'll find your 5 hotel links, which are either in a single city or state, depending on how many hotels we have available for a given location. Feel free to Google the hotels for more information! I've given these generic titles with the campaign + location to get you started: PLEASE vary your language so not every article has ""5 Hotels"" in the name, and also avoid using the exact name of the hotel for each header in the article. Read through the style guide and let me know if there are any concerns. Thanks everyone!",hipmunk.com/Independent-Hotels-in-Salt-Lake-City-UT_Hotel-Monaco-Salt-Lake-City-a-Kimpton-Hotel-509bfd2e66edc846610118fb-Reviews,hipmunk.com/Independent-Hotels-in-Salt-Lake-City-UT_Hyatt-Place-Salt-Lake-CityDowntownThe-Gateway-509bfee766edc84661025ced-Reviews,hipmunk.com/Independent-Hotels-in-Salt-Lake-City-UT_Royal-Garden-Inn-509bfdc866edc846610192f4-Reviews,hipmunk.com/Independent-Hotels-in-Salt-Lake-City-UT_Anniversary-Inn-5th-South-509bfef766edc8466102682c-Reviews,hipmunk.com/Independent-Hotels-in-Salt-Lake-City-UT_The-Peery-Hotel-509bfc5e66edc846610074ec-Reviews