Boutique Hotels in the US Phoenix,"These are your Boutique Hotels assignments. In the optional fields you'll find your 5 hotel links, which are either in a single city or state, depending on how many hotels we have available for a given location. Feel free to Google the hotels for more information! I've given these generic titles with the campaign + location to get you started: PLEASE vary your language so not every article has ""5 Hotels"" in the name, and also avoid using the exact name of the hotel for each header in the article. Read through the style guide and let me know if there are any concerns. Thanks everyone!",hipmunk.com/hotels-in-phoenix-az/hyatt-regency-phoenix-509bfdce66edc84661019459-reviews,hipmunk.com/Independent-Hotels-in-Phoenix-AZ_Lexington-Hotel-Central-Phoenix-509bfed366edc84661024dbe-Reviews,hipmunk.com/Independent-Hotels-in-Phoenix-AZ_The-Clarendon-Hotel-and-Spa-51224560a0a994611c000078-Reviews,hipmunk.com/Independent-Hotels-in-Phoenix-AZ_Hotel-San-Carlos-Downtown-Convention-Center-525532347f2c6c15c300011d-Reviews,hipmunk.com/Independent-Hotels-in-Phoenix-AZ_Legacy-Golf-Resort-509bfef866edc846610268ec-Reviews
Boutique Hotels in the US Alexandria,"These are your Boutique Hotels assignments. In the optional fields you'll find your 5 hotel links, which are either in a single city or state, depending on how many hotels we have available for a given location. Feel free to Google the hotels for more information! I've given these generic titles with the campaign + location to get you started: PLEASE vary your language so not every article has ""5 Hotels"" in the name, and also avoid using the exact name of the hotel for each header in the article. Read through the style guide and let me know if there are any concerns. Thanks everyone!",hipmunk.com/Independent-Hotels-in-Alexandria-VA_Quality-Inn-Suites-Near-Ft-Belvoir-509bfbe366edc8466100103e-Reviews,hipmunk.com/hotels-in-alexandria-va/crowne-plaza-old-town-alexandria-509bfdd766edc846610199a3-reviews,hipmunk.com/Independent-Hotels-in-Alexandria-VA_Extended-Stay-America-Alexandria-Eisenhower-Ave-509bfd4866edc84661012de9-Reviews,hipmunk.com/hotels-in-alexandria-va/the-westin-alexandria-509bff4566edc84661029f35-reviews,hipmunk.com/Independent-Hotels-in-Alexandria-VA_Red-Roof-PLUS-Washington-DC-Alexandria-5399b4b2c0852e1842000024-Reviews
Boutique Hotels in the US Ann Harbor,"These are your Boutique Hotels assignments. In the optional fields you'll find your 5 hotel links, which are either in a single city or state, depending on how many hotels we have available for a given location. Feel free to Google the hotels for more information! I've given these generic titles with the campaign + location to get you started: PLEASE vary your language so not every article has ""5 Hotels"" in the name, and also avoid using the exact name of the hotel for each header in the article. Read through the style guide and let me know if there are any concerns. Thanks everyone!",hipmunk.com/independent-hotels-in-ann-arbor-mi_bell-tower-hotel-509bfd0a66edc8466100fbb4-reviews,hipmunk.com/independent-hotels-in-ann-arbor-mi_webers-inn-509bfeb766edc84661023a2d-reviews,hipmunk.com/Independent-Hotels-in-Ann-Arbor-MI_The-Kensington-Court-509bfc1066edc84661003661-Reviews,hipmunk.com/Independent-Hotels-in-Ann-Arbor-MI_Lamp-Post-Inn-509bfca566edc8466100ad46-Reviews,hipmunk.com/Independent-Hotels-in-Ann-Arbor-MI_Campus-Inn-Ann-Arbor-509c019866edc846610486ec-Reviews
Boutique Hotels in the US Baltimore,"These are your Boutique Hotels assignments. In the optional fields you'll find your 5 hotel links, which are either in a single city or state, depending on how many hotels we have available for a given location. Feel free to Google the hotels for more information! I've given these generic titles with the campaign + location to get you started: PLEASE vary your language so not every article has ""5 Hotels"" in the name, and also avoid using the exact name of the hotel for each header in the article. Read through the style guide and let me know if there are any concerns. Thanks everyone!",hipmunk.com/hotels-in-baltimore-md/best-western-plus-hotel-conference-center-509c00e666edc8466103fe8d-reviews,hipmunk.com/Independent-Hotels-in-Baltimore-MD_Envy-Hotel-509bfe3b66edc8466101e45c-Reviews,hipmunk.com/independent-hotels-in-baltimore-md_embassy-suites-baltimore-inner-harbor-509bff0c66edc84661027983-reviews,hipmunk.com/Independent-Hotels-in-Baltimore-MD_Biltmore-Suites-Hotel-509bfc3266edc846610052b9-Reviews,hipmunk.com/Independent-Hotels-in-Baltimore-MD_Hotel-Monaco-Baltimore-a-Kimpton-Hotel-509bfdc766edc846610192df-Reviews
Boutique Hotels in the US New York,"These are your Boutique Hotels assignments. In the optional fields you'll find your 5 hotel links, which are either in a single city or state, depending on how many hotels we have available for a given location. Feel free to Google the hotels for more information! I've given these generic titles with the campaign + location to get you started: PLEASE vary your language so not every article has ""5 Hotels"" in the name, and also avoid using the exact name of the hotel for each header in the article. Read through the style guide and let me know if there are any concerns. Thanks everyone!",hipmunk.com/independent-hotels-in-new-york-city-ny_dumont-nyc-an-affinia-hotel-54b528ecc0852e19f700003a-reviews,hipmunk.com/hotels-in-new-york-city-ny/w-new-york-times-square-509c011766edc846610422ad-reviews,hipmunk.com/Independent-Hotels-in-New-York-City-NY_The-Marlton-Hotel-5255ecff7f2c6c3164000140-Reviews,hipmunk.com/Independent-Hotels-in-New-York-City-NY_Park-Lane-Hotel-509bfdce66edc8466101944a-Reviews,hipmunk.com/Independent-Hotels-in-New-York-City-NY_Dream-Downtown-509c025266edc84661051f2d-Reviews
Boutique Hotels in the US New York,"These are your Boutique Hotels assignments. In the optional fields you'll find your 5 hotel links, which are either in a single city or state, depending on how many hotels we have available for a given location. Feel free to Google the hotels for more information! I've given these generic titles with the campaign + location to get you started: PLEASE vary your language so not every article has ""5 Hotels"" in the name, and also avoid using the exact name of the hotel for each header in the article. Read through the style guide and let me know if there are any concerns. Thanks everyone!",hipmunk.com/Independent-Hotels-in-New-York-City-NY_Dylan-Hotel-5122d1a6a0a994522200021c-Reviews,hipmunk.com/Independent-Hotels-in-New-York-City-NY_The-Benjamin-509bfdcc66edc84661019330-Reviews,hipmunk.com/Independent-Hotels-in-New-York-City-NY_Shelburne-NYC-an-Affinia-hotel-509bfdd166edc846610195ec-Reviews,hipmunk.com/independent-hotels-in-new-york-city-ny_yotel-new-york-at-times-square-509c011766edc846610422f5-reviews,hipmunk.com/independent-hotels-in-new-york-city-ny_warwick-new-york-hotel-509bfdc466edc8466101902c-reviews
Boutique Hotels in the US Richmond,"These are your Boutique Hotels assignments. In the optional fields you'll find your 5 hotel links, which are either in a single city or state, depending on how many hotels we have available for a given location. Feel free to Google the hotels for more information! I've given these generic titles with the campaign + location to get you started: PLEASE vary your language so not every article has ""5 Hotels"" in the name, and also avoid using the exact name of the hotel for each header in the article. Read through the style guide and let me know if there are any concerns. Thanks everyone!",hipmunk.com/Independent-Hotels-in-Richmond-VA_Richmond-Magnuson-Grand-Hotel-and-Convention-Center-509bfdf566edc8466101aff0-Reviews,hipmunk.com/hotels-in-richmond-va/richmond-marriott-509bfc1566edc84661003aa5-reviews,hipmunk.com/independent-hotels-in-richmond-va_omni-richmond-hotel-509bfdd166edc846610195de-reviews,hipmunk.com/Independent-Hotels-in-Richmond-VA_Red-Roof-Inn-Richmond-South-509bfe4466edc8466101eade-Reviews,hipmunk.com/independent-hotels-in-richmond-va_hyatt-house-richmond-west-509bff0166edc8466102710c-reviews
Boutique Hotels in the US Richmond,"These are your Boutique Hotels assignments. In the optional fields you'll find your 5 hotel links, which are either in a single city or state, depending on how many hotels we have available for a given location. Feel free to Google the hotels for more information! I've given these generic titles with the campaign + location to get you started: PLEASE vary your language so not every article has ""5 Hotels"" in the name, and also avoid using the exact name of the hotel for each header in the article. Read through the style guide and let me know if there are any concerns. Thanks everyone!",hipmunk.com/independent-hotels-in-richmond-va_linden-row-inn-509bfe0266edc8466101b8fa-reviews,hipmunk.com/Independent-Hotels-in-Richmond-VA_The-Jefferson-Hotel-509bff1c66edc846610285aa-Reviews,hipmunk.com/independent-hotels-in-richmond-va_linden-row-inn-509bfe0266edc8466101b8fa-reviews,hipmunk.com/Independent-Hotels-in-Richmond-VA_Commonwealth-Park-Suites-Hotel-Richmond-509bff0066edc84661027002-Reviews,hipmunk.com/Independent-Hotels-in-Richmond-VA_Jefferson-Hotel-52901909c0852e0a270000de-Reviews
Boutique Hotels in the US San Diego,"These are your Boutique Hotels assignments. In the optional fields you'll find your 5 hotel links, which are either in a single city or state, depending on how many hotels we have available for a given location. Feel free to Google the hotels for more information! I've given these generic titles with the campaign + location to get you started: PLEASE vary your language so not every article has ""5 Hotels"" in the name, and also avoid using the exact name of the hotel for each header in the article. Read through the style guide and let me know if there are any concerns. Thanks everyone!",hipmunk.com/independent-hotels-in-san-diego-ca_red-roof-inn-san-diego-downtown-509bfcc866edc8466100c729-reviews,hipmunk.com/independent-hotels-in-san-diego-ca_the-dana-on-mission-bay-509bfdc566edc8466101918e-reviews,hipmunk.com/hotels-in-san-diego-ca/san-diego-marriott-marquis-marina-509bff1966edc84661028327-reviews,hipmunk.com/hotels-in-san-diego-ca/hilton-san-diego-resort-spa-509bfdc366edc84661018fd3-reviews,hipmunk.com/independent-hotels-in-san-diego-ca_500-west-hotel-san-diego-downtown-509bfc7b66edc84661008bb8-reviews
Boutique Hotels in the US San Jose,"These are your Boutique Hotels assignments. In the optional fields you'll find your 5 hotel links, which are either in a single city or state, depending on how many hotels we have available for a given location. Feel free to Google the hotels for more information! I've given these generic titles with the campaign + location to get you started: PLEASE vary your language so not every article has ""5 Hotels"" in the name, and also avoid using the exact name of the hotel for each header in the article. Read through the style guide and let me know if there are any concerns. Thanks everyone!",hipmunk.com/Independent-Hotels-in-San-Jose-CA_Vagabond-Inn-San-Jose-Airport-509bfe6466edc84661020280-Reviews,hipmunk.com/Independent-Hotels-in-San-Jose-CA_Hotel-Elan-509bfdcf66edc846610194c9-Reviews,hipmunk.com/Independent-Hotels-in-San-Jose-CA_Extended-Stay-America-San-Jose-Edenvale-North-509bfe3566edc8466101e044-Reviews,hipmunk.com/independent-hotels-in-san-jose-ca_ez-8-motel-san-jose-ii-509c024066edc84661050fd7-reviews,hipmunk.com/independent-hotels-in-san-jose-ca_hotel-de-anza-509bff0666edc8466102755c-reviews
Boutique Hotels in the US San Jose,"These are your Boutique Hotels assignments. In the optional fields you'll find your 5 hotel links, which are either in a single city or state, depending on how many hotels we have available for a given location. Feel free to Google the hotels for more information! I've given these generic titles with the campaign + location to get you started: PLEASE vary your language so not every article has ""5 Hotels"" in the name, and also avoid using the exact name of the hotel for each header in the article. Read through the style guide and let me know if there are any concerns. Thanks everyone!",hipmunk.com/hotels-in-san-jose-ca/hyatt-place-san-josedowntown-509bfdd766edc84661019974-reviews,hipmunk.com/Independent-Hotels-in-San-Jose-CA_San-Jose-Airport-Inn-509bfe2366edc8466101d162-Reviews,hipmunk.com/Independent-Hotels-in-San-Jose-CA_The-Sainte-Claire-Hotel-509bfe9966edc846610227b1-Reviews,hipmunk.com/Independent-Hotels-in-San-Jose-CA_Valley-Park-Hotel-509bff1366edc84661027ea4-Reviews,hipmunk.com/Independent-Hotels-in-San-Jose-CA_San-Jose-Airport-Garden-Hotel-509bfe2366edc8466101d162-Reviews
Boutique Hotels in the US Savannah,"These are your Boutique Hotels assignments. In the optional fields you'll find your 5 hotel links, which are either in a single city or state, depending on how many hotels we have available for a given location. Feel free to Google the hotels for more information! I've given these generic titles with the campaign + location to get you started: PLEASE vary your language so not every article has ""5 Hotels"" in the name, and also avoid using the exact name of the hotel for each header in the article. Read through the style guide and let me know if there are any concerns. Thanks everyone!",hipmunk.com/hotels-in-savannah-ga/hilton-savannah-desoto-509bfdd166edc846610195c6-reviews,hipmunk.com/hotels-in-savannah-ga/savannah-marriott-riverfront-509bfdd066edc8466101954d-reviews,hipmunk.com/independent-hotels-in-savannah-ga_east-bay-inn-509bff2566edc84661028cde-reviews,hipmunk.com/independent-hotels-in-savannah-ga_kehoe-house-509bfe5466edc8466101f62c-reviews,hipmunk.com/independent-hotels-in-savannah-ga_the-marshall-house-509bfee966edc84661025ef2-reviews
Boutique Hotels in the US Sea Tac,"These are your Boutique Hotels assignments. In the optional fields you'll find your 5 hotel links, which are either in a single city or state, depending on how many hotels we have available for a given location. Feel free to Google the hotels for more information! I've given these generic titles with the campaign + location to get you started: PLEASE vary your language so not every article has ""5 Hotels"" in the name, and also avoid using the exact name of the hotel for each header in the article. Read through the style guide and let me know if there are any concerns. Thanks everyone!",hipmunk.com/Independent-Hotels-in-Sea-Tac-WA_La-Quinta-Inn-Suites-Seattle-Sea-Tac-509bfdc466edc84661019092-Reviews,hipmunk.com/Independent-Hotels-in-Sea-Tac-WA_Red-Lion-Hotel-Seattle-Airport-509bfdc266edc84661018ef3-Reviews,hipmunk.com/Independent-Hotels-in-Sea-Tac-WA_Coast-Gateway-Hotel-Sea-Tac-509bfee766edc84661025dbb-Reviews,hipmunk.com/hotels-in-sea-tac-wa/doubletree-by-hilton-seattle-airport-509bfdd366edc84661019747-reviews,hipmunk.com/independent-hotels-in-sea-tac-wa_cedarbrook-lodge-509bfe5666edc8466101f767-reviews
Boutique Hotels in the US Sea Tac,"These are your Boutique Hotels assignments. In the optional fields you'll find your 5 hotel links, which are either in a single city or state, depending on how many hotels we have available for a given location. Feel free to Google the hotels for more information! I've given these generic titles with the campaign + location to get you started: PLEASE vary your language so not every article has ""5 Hotels"" in the name, and also avoid using the exact name of the hotel for each header in the article. Read through the style guide and let me know if there are any concerns. Thanks everyone!",hipmunk.com/hotels-in-sea-tac-wa/seattle-airport-marriott-509bfdcc66edc84661019337-reviews,hipmunk.com/Independent-Hotels-in-Kirkland-WA_Woodmark-Hotel-and-Still-Spa-509bff0166edc846610270bb-Reviews,hipmunk.com/Independent-Hotels-in-Seattle-WA_Inn-at-the-Market-509bfdd066edc846610195a9-Reviews,hipmunk.com/Independent-Hotels-in-Sea-Tac-WA_Travelodge-SeaTac-Airport-North-509bfefb66edc84661026bac-Reviews,hipmunk.com/Independent-Hotels-in-Sea-Tac-WA_Seatac-Inn-and-Airport-Parking-509bfd0066edc8466100f41e-Reviews
Boutique Hotels in the US Spokane,"These are your Boutique Hotels assignments. In the optional fields you'll find your 5 hotel links, which are either in a single city or state, depending on how many hotels we have available for a given location. Feel free to Google the hotels for more information! I've given these generic titles with the campaign + location to get you started: PLEASE vary your language so not every article has ""5 Hotels"" in the name, and also avoid using the exact name of the hotel for each header in the article. Read through the style guide and let me know if there are any concerns. Thanks everyone!",hipmunk.com/Independent-Hotels-in-Spokane-WA_Montvale-Hotel-51223357a0a994112c00007a-Reviews,hipmunk.com/Independent-Hotels-in-Spokane-WA_Hotel-Ruby-509bfe7d66edc84661021211-Reviews,hipmunk.com/Independent-Hotels-in-Spokane-WA_Red-Lion-River-Inn-509bff0766edc846610276c8-Reviews,hipmunk.com/hotels-in-spokane-wa/doubletree-by-hilton-spokane-city-center-509bfede66edc84661025606-reviews,hipmunk.com/Independent-Hotels-in-Spokane-WA_Fairbridge-Inn-Express-509bfee966edc84661025f02-Reviews
Boutique Hotels in the US Virginia Beach,"These are your Boutique Hotels assignments. In the optional fields you'll find your 5 hotel links, which are either in a single city or state, depending on how many hotels we have available for a given location. Feel free to Google the hotels for more information! I've given these generic titles with the campaign + location to get you started: PLEASE vary your language so not every article has ""5 Hotels"" in the name, and also avoid using the exact name of the hotel for each header in the article. Read through the style guide and let me know if there are any concerns. Thanks everyone!",hipmunk.com/Independent-Hotels-in-Virginia-Beach-VA_Virginia-Beach-Resort-Hotel-and-Conference-Center-509bfd7266edc84661015039-Reviews,hipmunk.com/Independent-Hotels-in-Virginia-Beach-VA_Turtle-Cay-Resort-5122b90da0a994081a0000a0-Reviews,hipmunk.com/Independent-Hotels-in-Virginia-Beach-VA_The-Dolphin-Inn-509bff3466edc8466102979b-Reviews,hipmunk.com/Independent-Hotels-in-Virginia-Beach-VA_The-Cavalier-Hotel-509bff0666edc84661027593-Reviews,hipmunk.com/hotels-in-virginia-beach-va/sheraton-virginia-beach-509bfe9366edc84661022248-reviews
Boutique Hotels in the US Virginia Beach,"These are your Boutique Hotels assignments. In the optional fields you'll find your 5 hotel links, which are either in a single city or state, depending on how many hotels we have available for a given location. Feel free to Google the hotels for more information! I've given these generic titles with the campaign + location to get you started: PLEASE vary your language so not every article has ""5 Hotels"" in the name, and also avoid using the exact name of the hotel for each header in the article. Read through the style guide and let me know if there are any concerns. Thanks everyone!",hipmunk.com/hotels-in-virginia-beach-va/holiday-inn-suites-virginia-beach-north-beach-525591307f2c6c255c000114-reviews,hipmunk.com/Independent-Hotels-in-Virginia-Beach-VA_Surfside-Oceanfront-Inn-and-Suites-509bff3866edc84661029b30-Reviews,hipmunk.com/Independent-Hotels-in-Virginia-Beach-VA_The-Barclay-Towers-Resort-Hotel-509bff3366edc846610296a7-Reviews,hipmunk.com/Independent-Hotels-in-Virginia-Beach-VA_Beach-Quarters-Resort-509bfe6f66edc8466102073b-Reviews,hipmunk.com/Independent-Hotels-in-Virginia-Beach-VA_Best-Western-Plus-Sandcastle-Beachfront-Hotel-509bfe8466edc846610216ac-Reviews
Boutique Hotels in the US Washington,"These are your Boutique Hotels assignments. In the optional fields you'll find your 5 hotel links, which are either in a single city or state, depending on how many hotels we have available for a given location. Feel free to Google the hotels for more information! I've given these generic titles with the campaign + location to get you started: PLEASE vary your language so not every article has ""5 Hotels"" in the name, and also avoid using the exact name of the hotel for each header in the article. Read through the style guide and let me know if there are any concerns. Thanks everyone!",hipmunk.com/independent-hotels-in-washington-dc_the-henley-park-hotel-509bfe3566edc8466101e01d-reviews,hipmunk.com/independent-hotels-in-washington-dc_the-hay-adams-509bfe1d66edc8466101cce0-reviews,hipmunk.com/independent-hotels-in-washington-dc_omni-shoreham-hotel-509bfdc366edc84661018fa7-reviews,hipmunk.com/hotels-in-washington-dc/w-washington-dc-509c00d266edc8466103eee7-reviews,hipmunk.com/hotels-in-washington-dc/the-ritz-carlton-washington-dc-509bfdd166edc84661019632-reviews
Boutique Hotels in the US Seattle,"These are your Boutique Hotels assignments. In the optional fields you'll find your 5 hotel links, which are either in a single city or state, depending on how many hotels we have available for a given location. Feel free to Google the hotels for more information! I've given these generic titles with the campaign + location to get you started: PLEASE vary your language so not every article has ""5 Hotels"" in the name, and also avoid using the exact name of the hotel for each header in the article. Read through the style guide and let me know if there are any concerns. Thanks everyone!",hipmunk.com/independent-hotels-in-seattle-wa_inn-at-the-market-509bfdd066edc846610195a9-reviews,hipmunk.com/independent-hotels-in-seattle-wa_hotel-monaco-seattle-a-kimpton-hotel-509bfdd366edc8466101973a-reviews,hipmunk.com/independent-hotels-in-seattle-wa_watertown-hotel-a-piece-of-pineapple-hospitality-509bfd3166edc84661011b39-reviews,hipmunk.com/independent-hotels-in-seattle-wa_mayflower-park-hotel-509bff4b66edc8466102a3f1-reviews,hipmunk.com/hotels-in-seattle-wa/courtyard-by-marriott-seattle-downtown-lake-union-509bfdc666edc846610191b3-reviews
Boutique Hotels in the US Sedona,"These are your Boutique Hotels assignments. In the optional fields you'll find your 5 hotel links, which are either in a single city or state, depending on how many hotels we have available for a given location. Feel free to Google the hotels for more information! I've given these generic titles with the campaign + location to get you started: PLEASE vary your language so not every article has ""5 Hotels"" in the name, and also avoid using the exact name of the hotel for each header in the article. Read through the style guide and let me know if there are any concerns. Thanks everyone!",hipmunk.com/independent-hotels-in-sedona-az_sedona-real-inn-suites-509bfd3366edc84661011d56-reviews,hipmunk.com/independent-hotels-in-sedona-az_la-quinta-inn-sedona-village-of-oak-creek-512d829fa0a9944686000028-reviews,hipmunk.com/Independent-Hotels-in-Sedona-AZ_Wildflower-Inn-509c00f866edc846610408f4-Reviews,hipmunk.com/Independent-Hotels-in-Sedona-AZ_The-Orchards-Inn-of-Sedona-509bff0566edc846610274e5-Reviews,hipmunk.com/Independent-Hotels-in-Sedona-AZ_Southwest-Inn-at-Sedona-509bfee566edc84661025bb3-Reviews
Boutique Hotels in the US Sedona,"These are your Boutique Hotels assignments. In the optional fields you'll find your 5 hotel links, which are either in a single city or state, depending on how many hotels we have available for a given location. Feel free to Google the hotels for more information! I've given these generic titles with the campaign + location to get you started: PLEASE vary your language so not every article has ""5 Hotels"" in the name, and also avoid using the exact name of the hotel for each header in the article. Read through the style guide and let me know if there are any concerns. Thanks everyone!",hipmunk.com/independent-hotels-in-sedona-az_lauberge-de-sedona-509bff0266edc846610271be-reviews,hipmunk.com/Independent-Hotels-in-Sedona-AZ_Los-Abrigados-Resort-And-Spa-509bfe4466edc8466101ea7b-Reviews,hipmunk.com/Independent-Hotels-in-Sedona-AZ_Poco-Diablo-Resort-509bfcb266edc8466100b881-Reviews,hipmunk.com/Independent-Hotels-in-Sedona-AZ_Ridge-on-Sedona-Golf-Resort-509c024b66edc846610518c8-Reviews,hipmunk.com/Independent-Hotels-in-Sedona-AZ_Sedona-Rouge-Hotel-And-Spa-509bfc8966edc846610097a4-Reviews
Boutique Hotels in the US Sedona,"These are your Boutique Hotels assignments. In the optional fields you'll find your 5 hotel links, which are either in a single city or state, depending on how many hotels we have available for a given location. Feel free to Google the hotels for more information! I've given these generic titles with the campaign + location to get you started: PLEASE vary your language so not every article has ""5 Hotels"" in the name, and also avoid using the exact name of the hotel for each header in the article. Read through the style guide and let me know if there are any concerns. Thanks everyone!",hipmunk.com/independent-hotels-in-sedona-az_amara-resort-and-spa-a-kimpton-hotel-509bffd066edc84661030bc6-reviews,hipmunk.com/Independent-Hotels-in-Sedona-AZ_Baby-Quail-Inn-509bfe4566edc8466101eb2c-Reviews,hipmunk.com/Independent-Hotels-in-Sedona-AZ_Bell-Rock-Inn-509bfc7266edc8466100871c-Reviews,hipmunk.com/Independent-Hotels-in-Sedona-AZ_Best-Western-Plus-Arroyo-Roble-509bff1766edc8466102822f-Reviews,hipmunk.com/Independent-Hotels-in-Sedona-AZ_Cedars-Resort-5255324c7f2c6c15c3000135-Reviews
Boutique Hotels in the US South Padre Island,"These are your Boutique Hotels assignments. In the optional fields you'll find your 5 hotel links, which are either in a single city or state, depending on how many hotels we have available for a given location. Feel free to Google the hotels for more information! I've given these generic titles with the campaign + location to get you started: PLEASE vary your language so not every article has ""5 Hotels"" in the name, and also avoid using the exact name of the hotel for each header in the article. Read through the style guide and let me know if there are any concerns. Thanks everyone!",hipmunk.com/independent-hotels-in-south-padre-island-tx_schlitterbahn-beach-resort-and-waterpark-50ed9b86bb290e7aa40000e8-reviews,hipmunk.com/Independent-Hotels-in-South-Padre-Island-TX_La-Quinta-Inn-Suites-South-Padre-Beach-509bfe2666edc8466101d4e9-Reviews,hipmunk.com/Independent-Hotels-in-South-Padre-Island-TX_La-Copa-Inn-Beach-Hotel-509bff4266edc84661029cde-Reviews,hipmunk.com/Independent-Hotels-in-South-Padre-Island-TX_WindWater-Hotel-50ed9b81bb290e7aa400003e-Reviews,hipmunk.com/Independent-Hotels-in-South-Padre-Island-TX_Padre-South-Hotel-On-The-Beach-509bfe0f66edc8466101c272-Reviews
Boutique Hotels in the US St Pete Beach,"These are your Boutique Hotels assignments. In the optional fields you'll find your 5 hotel links, which are either in a single city or state, depending on how many hotels we have available for a given location. Feel free to Google the hotels for more information! I've given these generic titles with the campaign + location to get you started: PLEASE vary your language so not every article has ""5 Hotels"" in the name, and also avoid using the exact name of the hotel for each header in the article. Read through the style guide and let me know if there are any concerns. Thanks everyone!",hipmunk.com/independent-hotels-in-st-pete-beach-fl_sirata-beach-resort-50ed9492bb290e6e270001c8-reviews,hipmunk.com/Independent-Hotels-in-St-Pete-Beach-FL_Loews-Don-CeSar-Hotel-509bfbdb66edc8466100095d-Reviews,hipmunk.com/Independent-Hotels-in-St-Pete-Beach-FL_Beach-House-Suites-509bfd3166edc84661011b9a-Reviews,hipmunk.com/Independent-Hotels-in-St-Pete-Beach-FL_Guy-Harvey-Outpost-a-TradeWinds-Beach-Resort-509c01e766edc8466104c7cf-Reviews,hipmunk.com/Independent-Hotels-in-St-Pete-Beach-FL_Grand-Plaza-Beachfront-Resort-Hotel-509bfd3166edc84661011bba-Reviews
Boutique Hotels in the US St Pete Beach,"These are your Boutique Hotels assignments. In the optional fields you'll find your 5 hotel links, which are either in a single city or state, depending on how many hotels we have available for a given location. Feel free to Google the hotels for more information! I've given these generic titles with the campaign + location to get you started: PLEASE vary your language so not every article has ""5 Hotels"" in the name, and also avoid using the exact name of the hotel for each header in the article. Read through the style guide and let me know if there are any concerns. Thanks everyone!",hipmunk.com/independent-hotels-in-st-pete-beach-fl_dolphin-beach-resort-509bfdc566edc84661019138-reviews,hipmunk.com/Independent-Hotels-in-St-Pete-Beach-FL_Beachcomber-Beach-Resort-509c01e666edc8466104c7a0-Reviews,hipmunk.com/Independent-Hotels-in-St-Pete-Beach-FL_Alden-Suites-A-Beachfront-Resort-509bfdc266edc84661018ee1-Reviews,hipmunk.com/Independent-Hotels-in-St-Pete-Beach-FL_TradeWinds-Island-Grand-509bfdfa66edc8466101b3a4-Reviews,hipmunk.com/Independent-Hotels-in-St-Pete-Beach-FL_Sirata-Beach-Resort-50ed9492bb290e6e270001c8-Reviews
Boutique Hotels in the US San Francisco,"These are your Boutique Hotels assignments. In the optional fields you'll find your 5 hotel links, which are either in a single city or state, depending on how many hotels we have available for a given location. Feel free to Google the hotels for more information! I've given these generic titles with the campaign + location to get you started: PLEASE vary your language so not every article has ""5 Hotels"" in the name, and also avoid using the exact name of the hotel for each header in the article. Read through the style guide and let me know if there are any concerns. Thanks everyone!",hipmunk.com/independent-hotels-in-south-san-francisco-ca_hotel-focus-sfo-509bfd1a66edc846610108d0-reviews,hipmunk.com/independent-hotels-in-south-san-francisco-ca_la-quinta-inn-san-francisco-airport-north-509bfdbf66edc84661018cf9-reviews,hipmunk.com/Independent-Hotels-in-South-San-Francisco-CA_Americas-Best-Value-Inn-Suites-San-Francisco-Airport-North-509bfe3266edc8466101dd34-Reviews,hipmunk.com/hotels-in-san-francisco-ca/hyatt-regency-san-francisco-509bfdc166edc84661018e17-reviews,hipmunk.com/independent-hotels-in-south-san-francisco-ca_citigarden-hotel-509bfd3166edc84661011ba7-reviews
Boutique Hotels in the US Sanibel,"These are your Boutique Hotels assignments. In the optional fields you'll find your 5 hotel links, which are either in a single city or state, depending on how many hotels we have available for a given location. Feel free to Google the hotels for more information! I've given these generic titles with the campaign + location to get you started: PLEASE vary your language so not every article has ""5 Hotels"" in the name, and also avoid using the exact name of the hotel for each header in the article. Read through the style guide and let me know if there are any concerns. Thanks everyone!",hipmunk.com/Independent-Hotels-in-Sanibel-FL_Song-of-the-Sea-509c013066edc8466104371a-Reviews,hipmunk.com/Independent-Hotels-in-Sanibel-FL_Sunset-Beach-Inn-509bff4066edc84661029b35-Reviews,hipmunk.com/Independent-Hotels-in-Sanibel-FL_Sanibel-Inn-509bfdcf66edc846610194f0-Reviews,hipmunk.com/Independent-Hotels-in-Sanibel-FL_Casa-Ybel-Resort-509bfc7b66edc84661008be3-Reviews,hipmunk.com/independent-hotels-in-sanibel-fl_west-wind-inn-509bfee066edc846610257c0-reviews
Boutique Hotels in the US Santa Cruz,"These are your Boutique Hotels assignments. In the optional fields you'll find your 5 hotel links, which are either in a single city or state, depending on how many hotels we have available for a given location. Feel free to Google the hotels for more information! I've given these generic titles with the campaign + location to get you started: PLEASE vary your language so not every article has ""5 Hotels"" in the name, and also avoid using the exact name of the hotel for each header in the article. Read through the style guide and let me know if there are any concerns. Thanks everyone!",hipmunk.com/independent-hotels-in-santa-cruz-ca_ocean-pacific-lodge-509bfee866edc84661025e4e-reviews,hipmunk.com/Independent-Hotels-in-Santa-Cruz-CA_Chaminade-Resort-Spa-509bfcc866edc8466100c6c7-Reviews,hipmunk.com/Independent-Hotels-in-Santa-Cruz-CA_Dream-Inn-Santa-Cruz-a-Joie-de-Vivre-Boutique-Hotel-509c023f66edc84661050f71-Reviews,hipmunk.com/Independent-Hotels-in-Santa-Cruz-CA_Hotel-Paradox-509bfef366edc84661026479-Reviews,hipmunk.com/Independent-Hotels-in-Santa-Cruz-CA_Casablanca-On-The-Beach-509bffc866edc846610304a0-Reviews
Boutique Hotels in the US South Lake Tahoe,"These are your Boutique Hotels assignments. In the optional fields you'll find your 5 hotel links, which are either in a single city or state, depending on how many hotels we have available for a given location. Feel free to Google the hotels for more information! I've given these generic titles with the campaign + location to get you started: PLEASE vary your language so not every article has ""5 Hotels"" in the name, and also avoid using the exact name of the hotel for each header in the article. Read through the style guide and let me know if there are any concerns. Thanks everyone!",hipmunk.com/independent-hotels-in-south-lake-tahoe-ca_3-peaks-resort-beach-club-509bff2366edc84661028b69-reviews,hipmunk.com/Independent-Hotels-in-South-Lake-Tahoe-CA_Aston-Lakeland-Village-Beach-Mountain-Resort-509bfe2066edc8466101cf07-Reviews,hipmunk.com/Independent-Hotels-in-South-Lake-Tahoe-CA_Budget-Inn-South-Lake-Tahoe-509bfe2166edc8466101d053-Reviews,hipmunk.com/Independent-Hotels-in-South-Lake-Tahoe-CA_Forest-Suites-Resort-at-Heavenly-Village-509bfdc066edc84661018d97-Reviews,hipmunk.com/Independent-Hotels-in-South-Lake-Tahoe-CA_Lake-Tahoe-Vacation-Resort-509bfdc366edc84661018fd0-Reviews
Boutique Hotels in the US Sunny Isles Beach,"These are your Boutique Hotels assignments. In the optional fields you'll find your 5 hotel links, which are either in a single city or state, depending on how many hotels we have available for a given location. Feel free to Google the hotels for more information! I've given these generic titles with the campaign + location to get you started: PLEASE vary your language so not every article has ""5 Hotels"" in the name, and also avoid using the exact name of the hotel for each header in the article. Read through the style guide and let me know if there are any concerns. Thanks everyone!",hipmunk.com/independent-hotels-in-sunny-isles-beach-fl_sole-on-the-ocean-509bfdd366edc846610197bd-reviews,hipmunk.com/independent-hotels-in-sunny-isles-beach-fl_golden-strand-ocean-villa-resort-509bfe0866edc8466101be0b-reviews,hipmunk.com/Independent-Hotels-in-Sunny-Isles-Beach-FL_Sole-On-The-Ocean-509bfdd366edc846610197bd-Reviews,hipmunk.com/Independent-Hotels-in-Sunny-Isles-Beach-FL_Marenas-Beach-Resort-509bfdc566edc84661019112-Reviews,hipmunk.com/independent-hotels-in-sunny-isles-beach-fl_acqualina-resort-and-spa-509bfe3266edc8466101dd52-reviews
Boutique Hotels in the US Salt Lake City,"These are your Boutique Hotels assignments. In the optional fields you'll find your 5 hotel links, which are either in a single city or state, depending on how many hotels we have available for a given location. Feel free to Google the hotels for more information! I've given these generic titles with the campaign + location to get you started: PLEASE vary your language so not every article has ""5 Hotels"" in the name, and also avoid using the exact name of the hotel for each header in the article. Read through the style guide and let me know if there are any concerns. Thanks everyone!",hipmunk.com/Independent-Hotels-in-Salt-Lake-City-UT_La-Quinta-Inn-and-Suites-Salt-Lake-City-Airport-509bfdc166edc84661018e47-Reviews,hipmunk.com/Independent-Hotels-in-Salt-Lake-City-UT_Little-America-Hotel-509bfdd366edc8466101974b-Reviews,hipmunk.com/Independent-Hotels-in-Salt-Lake-City-UT_North-Temple-Inn-509bfc9d66edc8466100a6f8-Reviews,hipmunk.com/Independent-Hotels-in-Salt-Lake-City-UT_Red-Lion-Hotel-Salt-Lake-Downtown-509bfe7d66edc846610211a6-Reviews,hipmunk.com/independent-hotels-in-salt-lake-city-ut_anniversary-inn-5th-south-509bfef766edc8466102682c-reviews
Boutique Hotels in the US Salt Lake City,"These are your Boutique Hotels assignments. In the optional fields you'll find your 5 hotel links, which are either in a single city or state, depending on how many hotels we have available for a given location. Feel free to Google the hotels for more information! I've given these generic titles with the campaign + location to get you started: PLEASE vary your language so not every article has ""5 Hotels"" in the name, and also avoid using the exact name of the hotel for each header in the article. Read through the style guide and let me know if there are any concerns. Thanks everyone!",hipmunk.com/Independent-Hotels-in-Salt-Lake-City-UT_Salt-Lake-Plaza-Hotel-at-Temple-Square-509bfdd066edc8466101954c-Reviews,hipmunk.com/Independent-Hotels-in-Salt-Lake-City-UT_The-Anniversary-Inn-Fifth-South-509bfef766edc8466102682c-Reviews,hipmunk.com/Independent-Hotels-in-Salt-Lake-City-UT_The-Grand-America-Hotel-509bfee766edc84661025dc6-Reviews,hipmunk.com/Independent-Hotels-in-Salt-Lake-City-UT_The-Metropolitan-Inn-509bfcda66edc8466100d52e-Reviews,hipmunk.com/independent-hotels-in-salt-lake-city-ut_airport-inn-hotel-509bfe9466edc84661022305-reviews
Boutique Hotels in the US Salt Lake City,"These are your Boutique Hotels assignments. In the optional fields you'll find your 5 hotel links, which are either in a single city or state, depending on how many hotels we have available for a given location. Feel free to Google the hotels for more information! I've given these generic titles with the campaign + location to get you started: PLEASE vary your language so not every article has ""5 Hotels"" in the name, and also avoid using the exact name of the hotel for each header in the article. Read through the style guide and let me know if there are any concerns. Thanks everyone!",hipmunk.com/independent-hotels-in-salt-lake-city-ut_hotel-monaco-salt-lake-city-a-kimpton-hotel-509bfd2e66edc846610118fb-reviews,hipmunk.com/Independent-Hotels-in-Salt-Lake-City-UT_Crystal-Inn-Hotel-Suites-Salt-Lake-City-Down-Town-509bfc6d66edc846610081f2-Reviews,hipmunk.com/Independent-Hotels-in-Salt-Lake-City-UT_DoubleTree-by-Hilton-Hotel-Salt-Lake-City-Airport-509bfc0b66edc84661003230-Reviews,hipmunk.com/Independent-Hotels-in-Salt-Lake-City-UT_Hyatt-Place-Salt-Lake-CityDowntownThe-Gateway-509bfee766edc84661025ced-Reviews,hipmunk.com/Independent-Hotels-in-Salt-Lake-City-UT_Royal-Garden-Inn-509bfdc866edc846610192f4-Reviews
Boutique Hotels in the US Phoenix,"These are your Boutique Hotels assignments. In the optional fields you'll find your 5 hotel links, which are either in a single city or state, depending on how many hotels we have available for a given location. Feel free to Google the hotels for more information! I've given these generic titles with the campaign + location to get you started: PLEASE vary your language so not every article has ""5 Hotels"" in the name, and also avoid using the exact name of the hotel for each header in the article. Read through the style guide and let me know if there are any concerns. Thanks everyone!",hipmunk.com/Independent-Hotels-in-Phoenix-AZ_Pointe-Hilton-Tapatio-Cliffs-Resort-509bfdbf66edc84661018cd8-Reviews,hipmunk.com/Independent-Hotels-in-Phoenix-AZ_Red-Roof-Inn-Phoenix-West-509bfe1d66edc8466101ccf3-Reviews,hipmunk.com/independent-hotels-in-phoenix-az_arizona-grand-resort-509bfdd266edc846610196ba-reviews,hipmunk.com/Independent-Hotels-in-Phoenix-AZ_Pointe-Hilton-Squaw-Peak-Resort-509bfdd166edc846610195af-Reviews,hipmunk.com/independent-hotels-in-phoenix-az_royal-palms-resort-and-spa-destination-hotels-resorts-509bff4966edc8466102a2e7-reviews
Boutique Hotels in the US Pismo Beach,"These are your Boutique Hotels assignments. In the optional fields you'll find your 5 hotel links, which are either in a single city or state, depending on how many hotels we have available for a given location. Feel free to Google the hotels for more information! I've given these generic titles with the campaign + location to get you started: PLEASE vary your language so not every article has ""5 Hotels"" in the name, and also avoid using the exact name of the hotel for each header in the article. Read through the style guide and let me know if there are any concerns. Thanks everyone!",hipmunk.com/Independent-Hotels-in-Pismo-Beach-CA_Oxford-Suites-Pismo-Beach-509bfd0e66edc8466100fef0-Reviews,hipmunk.com/Independent-Hotels-in-Pismo-Beach-CA_Pismo-Lighthouse-Suites-509bfea266edc84661022bfd-Reviews,hipmunk.com/Independent-Hotels-in-Pismo-Beach-CA_SeaCrest-OceanFront-Hotel-509bfdc466edc84661019079-Reviews,hipmunk.com/Independent-Hotels-in-Pismo-Beach-CA_Spyglass-Inn-509bfe8566edc84661021713-Reviews,hipmunk.com/independent-hotels-in-pismo-beach-ca_the-cliffs-509bfef066edc846610261ed-reviews
Boutique Hotels in the US Pittsburgh,"These are your Boutique Hotels assignments. In the optional fields you'll find your 5 hotel links, which are either in a single city or state, depending on how many hotels we have available for a given location. Feel free to Google the hotels for more information! I've given these generic titles with the campaign + location to get you started: PLEASE vary your language so not every article has ""5 Hotels"" in the name, and also avoid using the exact name of the hotel for each header in the article. Read through the style guide and let me know if there are any concerns. Thanks everyone!",hipmunk.com/independent-hotels-in-pittsburgh-pa_red-roof-plus-pittsburgh-south-airport-509bfd7266edc84661015035-reviews,hipmunk.com/Independent-Hotels-in-Pittsburgh-PA_The-Priory-Hotel-509bfe8b66edc84661021c1c-Reviews,hipmunk.com/independent-hotels-in-pittsburgh-pa_omni-william-penn-hotel-509bfdc266edc84661018e5b-reviews,hipmunk.com/Independent-Hotels-in-Pittsburgh-PA_Sunnyledge-Boutique-Hotel-and-Tea-Room-509bfe9366edc846610221d4-Reviews,hipmunk.com/independent-hotels-in-pittsburgh-pa_hyatt-regency-pittsburgh-international-airport-509bff0366edc846610272e2-reviews
Boutique Hotels in the US Reno,"These are your Boutique Hotels assignments. In the optional fields you'll find your 5 hotel links, which are either in a single city or state, depending on how many hotels we have available for a given location. Feel free to Google the hotels for more information! I've given these generic titles with the campaign + location to get you started: PLEASE vary your language so not every article has ""5 Hotels"" in the name, and also avoid using the exact name of the hotel for each header in the article. Read through the style guide and let me know if there are any concerns. Thanks everyone!",hipmunk.com/independent-hotels-in-reno-nv_peppermill-resort-spa-casino-50ed0c14bb290e6196000028-reviews,hipmunk.com/independent-hotels-in-reno-nv_siena-hotel-509bfd5d66edc84661013f82-reviews,hipmunk.com/independent-hotels-in-reno-nv_silver-legacy-resort-casino-509bfdcf66edc846610194dd-reviews,hipmunk.com/Independent-Hotels-in-Reno-NV_Harrahs-Casino-Hotel-Reno-509c024566edc84661051448-Reviews,hipmunk.com/Independent-Hotels-in-Reno-NV_Sands-Regency-Casino-Hotel-509c024566edc8466105144c-Reviews
Boutique Hotels in the US Panama City,"These are your Boutique Hotels assignments. In the optional fields you'll find your 5 hotel links, which are either in a single city or state, depending on how many hotels we have available for a given location. Feel free to Google the hotels for more information! I've given these generic titles with the campaign + location to get you started: PLEASE vary your language so not every article has ""5 Hotels"" in the name, and also avoid using the exact name of the hotel for each header in the article. Read through the style guide and let me know if there are any concerns. Thanks everyone!",hipmunk.com/Independent-Hotels-in-Panama-City-Beach-FL_Long-Beach-Resort-by-Funquest-Properties-509bfbfc66edc84661002633-Reviews,hipmunk.com/independent-hotels-in-panama-city-beach-fl_the-reef-at-seahaven-beach-resorts-509bfe9366edc846610221fd-reviews,hipmunk.com/Independent-Hotels-in-Panama-City-Beach-FL_Carillon-Beach-Resort-Inn-by-Wyndham-Vacation-Rentals-509bffe166edc84661031aac-Reviews,hipmunk.com/Independent-Hotels-in-Panama-City-Beach-FL_Emerald-Beach-Resort-by-Southern-51237e1aa0a99422e3000514-Reviews,hipmunk.com/Independent-Hotels-in-Panama-City-Beach-FL_Edgewater-Beach-and-Golf-Resort-by-The-Resort-Collection-525713087f2c6c19c400070a-Reviews
Boutique Hotels in the US Palm Springs,"These are your Boutique Hotels assignments. In the optional fields you'll find your 5 hotel links, which are either in a single city or state, depending on how many hotels we have available for a given location. Feel free to Google the hotels for more information! I've given these generic titles with the campaign + location to get you started: PLEASE vary your language so not every article has ""5 Hotels"" in the name, and also avoid using the exact name of the hotel for each header in the article. Read through the style guide and let me know if there are any concerns. Thanks everyone!",hipmunk.com/Independent-Hotels-in-Palm-Springs-CA_Palm-Springs-Rendezvous-509bfd3366edc84661011d55-Reviews,hipmunk.com/independent-hotels-in-palm-springs-ca_vagabond-inn-palm-springs-509bfdd066edc8466101959c-reviews,hipmunk.com/Independent-Hotels-in-Palm-Springs-CA_Movie-Colony-Hotel-509bffe466edc84661031cfc-Reviews,hipmunk.com/independent-hotels-in-palm-springs-ca_extended-stay-america-palm-springs-airport-509bfca166edc8466100aa48-reviews,hipmunk.com/independent-hotels-in-palm-springs-ca_caliente-tropics-hotel-509bff1966edc84661028323-reviews
Boutique Hotels in the US Ocean City,"These are your Boutique Hotels assignments. In the optional fields you'll find your 5 hotel links, which are either in a single city or state, depending on how many hotels we have available for a given location. Feel free to Google the hotels for more information! I've given these generic titles with the campaign + location to get you started: PLEASE vary your language so not every article has ""5 Hotels"" in the name, and also avoid using the exact name of the hotel for each header in the article. Read through the style guide and let me know if there are any concerns. Thanks everyone!",hipmunk.com/Independent-Hotels-in-Ocean-City-MD_Harrison-Hall-Hotel-509bfdb666edc846610187a0-Reviews,hipmunk.com/Independent-Hotels-in-Ocean-City-MD_Paradise-Plaza-Inn-509bff0766edc84661027677-Reviews,hipmunk.com/independent-hotels-in-ocean-city-md_grand-hotel-spa-5254f2fe7f2c6c127e0000ea-reviews,hipmunk.com/independent-hotels-in-ocean-city-md_tidelands-caribbean-hotel-and-suites-5254f2657f2c6c127e000054-reviews,hipmunk.com/Independent-Hotels-in-Ocean-City-MD_Plim-Plaza-5254f29d7f2c6c127e00008c-Reviews
Boutique Hotels in the US New York,"These are your Boutique Hotels assignments. In the optional fields you'll find your 5 hotel links, which are either in a single city or state, depending on how many hotels we have available for a given location. Feel free to Google the hotels for more information! I've given these generic titles with the campaign + location to get you started: PLEASE vary your language so not every article has ""5 Hotels"" in the name, and also avoid using the exact name of the hotel for each header in the article. Read through the style guide and let me know if there are any concerns. Thanks everyone!",hipmunk.com/hotels-in-new-york-city-ny/w-new-york-times-square-509c011766edc846610422ad-reviews,hipmunk.com/hotels-in-new-york-city-ny/hilton-times-square-509c011866edc8466104237b-reviews,hipmunk.com/Independent-Hotels-in-New-York-City-NY_The-Carlyle-A-Rosewood-Hotel-509bfdc066edc84661018dba-Reviews,hipmunk.com/Independent-Hotels-in-New-York-City-NY_Hotel-Stanford-509c011866edc84661042395-Reviews,hipmunk.com/Independent-Hotels-in-New-York-City-NY_Pod-51-509bfc6166edc846610076bc-Reviews
Boutique Hotels in the US New York,"These are your Boutique Hotels assignments. In the optional fields you'll find your 5 hotel links, which are either in a single city or state, depending on how many hotels we have available for a given location. Feel free to Google the hotels for more information! I've given these generic titles with the campaign + location to get you started: PLEASE vary your language so not every article has ""5 Hotels"" in the name, and also avoid using the exact name of the hotel for each header in the article. Read through the style guide and let me know if there are any concerns. Thanks everyone!",hipmunk.com/hotels-in-new-york-city-ny/the-lexington-new-york-city-autograph-collection-509bfdbd66edc84661018b57-reviews,hipmunk.com/Independent-Hotels-in-New-York-City-NY_The-Belvedere-Hotel-509bfbe566edc8466100126a-Reviews,hipmunk.com/Independent-Hotels-in-New-York-City-NY_The-Court-A-St-Giles-Premier-Hotel-509c011866edc84661042365-Reviews,hipmunk.com/Independent-Hotels-in-New-York-City-NY_The-Pearl-New-York-510b139ca0a99444dd00000e-Reviews,hipmunk.com/Independent-Hotels-in-New-York-City-NY_The-Manhattan-at-Times-Square-Hotel-50ef787fa0a994415f000000-Reviews
Boutique Hotels in the US Milwaukee,"These are your Boutique Hotels assignments. In the optional fields you'll find your 5 hotel links, which are either in a single city or state, depending on how many hotels we have available for a given location. Feel free to Google the hotels for more information! I've given these generic titles with the campaign + location to get you started: PLEASE vary your language so not every article has ""5 Hotels"" in the name, and also avoid using the exact name of the hotel for each header in the article. Read through the style guide and let me know if there are any concerns. Thanks everyone!",hipmunk.com/hotels-in-milwaukee-wi/aloft-milwaukee-downtown-509bfe1766edc8466101c7ca-reviews,hipmunk.com/Independent-Hotels-in-Milwaukee-WI_The-Knickerbocker-on-the-Lake-509bfc5f66edc84661007559-Reviews,hipmunk.com/Independent-Hotels-in-Milwaukee-WI_Astor-Hotel-509bfe7866edc84661020ee1-Reviews,hipmunk.com/Independent-Hotels-in-Milwaukee-WI_Hotel-Metro-509bfde466edc8466101a3f3-Reviews,hipmunk.com/Independent-Hotels-in-Milwaukee-WI_The-Pfister-Hotel-509bff1766edc8466102820f-Reviews
Boutique Hotels in the US Miami Beach,"These are your Boutique Hotels assignments. In the optional fields you'll find your 5 hotel links, which are either in a single city or state, depending on how many hotels we have available for a given location. Feel free to Google the hotels for more information! I've given these generic titles with the campaign + location to get you started: PLEASE vary your language so not every article has ""5 Hotels"" in the name, and also avoid using the exact name of the hotel for each header in the article. Read through the style guide and let me know if there are any concerns. Thanks everyone!",hipmunk.com/hotels-in-miami-beach-fl/shelborne-wyndham-grand-south-beach-509c013066edc846610436ea-reviews,hipmunk.com/independent-hotels-in-miami-beach-fl_catalina-hotel-beach-club-509bfdbf66edc84661018c77-reviews,hipmunk.com/independent-hotels-in-miami-beach-fl_clevelander-hotel-509bfdcf66edc8466101949c-reviews,hipmunk.com/independent-hotels-in-miami-beach-fl_loews-miami-beach-hotel-509bfc5e66edc846610074dc-reviews,hipmunk.com/independent-hotels-in-miami-beach-fl_south-seas-hotel-51237e04a0a99422e30002fe-reviews
Boutique Hotels in the US Lubbock,"These are your Boutique Hotels assignments. In the optional fields you'll find your 5 hotel links, which are either in a single city or state, depending on how many hotels we have available for a given location. Feel free to Google the hotels for more information! I've given these generic titles with the campaign + location to get you started: PLEASE vary your language so not every article has ""5 Hotels"" in the name, and also avoid using the exact name of the hotel for each header in the article. Read through the style guide and let me know if there are any concerns. Thanks everyone!",hipmunk.com/Independent-Hotels-in-Lubbock-TX_La-Quinta-Inn-Suites-Lubbock-West-Medical-Center-509bff4266edc84661029cdd-Reviews,hipmunk.com/Independent-Hotels-in-Lubbock-TX_Americas-Best-Value-Inn-509bfefe66edc84661026e7d-Reviews,hipmunk.com/Independent-Hotels-in-Lubbock-TX_La-Quinta-Inn-Lubbock-Civic-Center-509bfeea66edc84661025f9c-Reviews,hipmunk.com/hotels-in-lubbock-tx/embassy-suites-lubbock-509bfe7f66edc846610213a3-reviews,hipmunk.com/Independent-Hotels-in-Lubbock-TX_Overton-Hotel-and-Conference-Center-509bfe6266edc84661020114-Reviews
Boutique Hotels in the US Louisville,"These are your Boutique Hotels assignments. In the optional fields you'll find your 5 hotel links, which are either in a single city or state, depending on how many hotels we have available for a given location. Feel free to Google the hotels for more information! I've given these generic titles with the campaign + location to get you started: PLEASE vary your language so not every article has ""5 Hotels"" in the name, and also avoid using the exact name of the hotel for each header in the article. Read through the style guide and let me know if there are any concerns. Thanks everyone!",hipmunk.com/hotels-in-louisville-ky/hyatt-regency-louisville-509bfdfe66edc8466101b5dd-reviews,hipmunk.com/Independent-Hotels-in-Louisville-KY_21c-Museum-Hotel-Louisville-509bfe9366edc8466102220a-Reviews,hipmunk.com/Independent-Hotels-in-Louisville-KY_Breckinridge-Inn-509bfe7266edc846610209f3-Reviews,hipmunk.com/Independent-Hotels-in-Louisville-KY_Holiday-Inn-Louisville-SwFair-Expo-Ctr-509bfdf466edc8466101af25-Reviews,hipmunk.com/Independent-Hotels-in-Louisville-KY_Red-Roof-Inn-Louisville-Expo-Airport-509bfe4c66edc8466101f161-Reviews
Boutique Hotels in the US Louisville,"These are your Boutique Hotels assignments. In the optional fields you'll find your 5 hotel links, which are either in a single city or state, depending on how many hotels we have available for a given location. Feel free to Google the hotels for more information! I've given these generic titles with the campaign + location to get you started: PLEASE vary your language so not every article has ""5 Hotels"" in the name, and also avoid using the exact name of the hotel for each header in the article. Read through the style guide and let me know if there are any concerns. Thanks everyone!",hipmunk.com/hotels-in-louisville-ky/the-seelbach-hilton-louisville-509bfe2166edc8466101d06f-reviews,hipmunk.com/Independent-Hotels-in-Louisville-KY_Americas-Best-Value-Inn-Louisville-509c01ac66edc84661049595-Reviews,hipmunk.com/Independent-Hotels-in-Louisville-KY_Fern-Valley-Hotel-Conference-Center-509bfec066edc84661023fb5-Reviews,hipmunk.com/Independent-Hotels-in-Louisville-KY_Galt-House-Hotel-509bfd7466edc846610151a1-Reviews,hipmunk.com/Independent-Hotels-in-Louisville-KY_The-Brown-Hotel-509bff3366edc846610296b2-Reviews
Boutique Hotels in the US La Jolla,"These are your Boutique Hotels assignments. In the optional fields you'll find your 5 hotel links, which are either in a single city or state, depending on how many hotels we have available for a given location. Feel free to Google the hotels for more information! I've given these generic titles with the campaign + location to get you started: PLEASE vary your language so not every article has ""5 Hotels"" in the name, and also avoid using the exact name of the hotel for each header in the article. Read through the style guide and let me know if there are any concerns. Thanks everyone!",hipmunk.com/hotels-in-la-jolla-ca/hilton-la-jolla-torrey-pines-5257f8d87f2c6c2dd90002ca-reviews,hipmunk.com/Independent-Hotels-in-La-Jolla-CA_La-Jolla-Shores-Hotel-509bfe9466edc846610222cf-Reviews,hipmunk.com/Independent-Hotels-in-La-Jolla-CA_La-Valencia-Hotel-509bfefb66edc84661026b69-Reviews,hipmunk.com/Independent-Hotels-in-La-Jolla-CA_La-Jolla-Beach-and-Tennis-Club-509bfcd966edc8466100d486-Reviews,hipmunk.com/independent-hotels-in-la-jolla-ca_empress-hotel-of-la-jolla-509bfcda66edc8466100d597-reviews
Boutique Hotels in the US La Jolla,"These are your Boutique Hotels assignments. In the optional fields you'll find your 5 hotel links, which are either in a single city or state, depending on how many hotels we have available for a given location. Feel free to Google the hotels for more information! I've given these generic titles with the campaign + location to get you started: PLEASE vary your language so not every article has ""5 Hotels"" in the name, and also avoid using the exact name of the hotel for each header in the article. Read through the style guide and let me know if there are any concerns. Thanks everyone!",hipmunk.com/independent-hotels-in-la-jolla-ca_the-lodge-at-torrey-pines-509bfdce66edc8466101945c-reviews,hipmunk.com/Independent-Hotels-in-La-Jolla-CA_La-Jolla-Cove-Suites-509bff4a66edc8466102a32d-Reviews,hipmunk.com/Independent-Hotels-in-La-Jolla-CA_Pantai-Inn-5367dfc1c0852e3a4d0000c0-Reviews,hipmunk.com/Independent-Hotels-in-La-Jolla-CA_Estancia-La-Jolla-Hotel-Spa-509bfdcc66edc84661019380-Reviews,hipmunk.com/Independent-Hotels-in-La-Jolla-CA_Grande-Colonial-Hotel-509bfe7d66edc84661021219-Reviews
Boutique Hotels in the US Kansas City,"These are your Boutique Hotels assignments. In the optional fields you'll find your 5 hotel links, which are either in a single city or state, depending on how many hotels we have available for a given location. Feel free to Google the hotels for more information! I've given these generic titles with the campaign + location to get you started: PLEASE vary your language so not every article has ""5 Hotels"" in the name, and also avoid using the exact name of the hotel for each header in the article. Read through the style guide and let me know if there are any concerns. Thanks everyone!",hipmunk.com/hotels-in-kansas-city-mo/holiday-inn-country-club-plaza-509bfdd266edc8466101971b-reviews,hipmunk.com/Independent-Hotels-in-Kansas-City-MO_Adams-Mark-Hotel-Conference-Center-509bfdb266edc8466101846a-Reviews,hipmunk.com/Independent-Hotels-in-Kansas-City-MO_Hotel-Phillips-509bfc5266edc84661006afc-Reviews,hipmunk.com/Independent-Hotels-in-Kansas-City-MO_Hotel-Sorella-Country-Club-Plaza-525526e77f2c6c53460000ab-Reviews,hipmunk.com/independent-hotels-in-kansas-city-mo_hotel-phillips-509bfc5266edc84661006afc-reviews
Boutique Hotels in the US Jamaica,"These are your Boutique Hotels assignments. In the optional fields you'll find your 5 hotel links, which are either in a single city or state, depending on how many hotels we have available for a given location. Feel free to Google the hotels for more information! I've given these generic titles with the campaign + location to get you started: PLEASE vary your language so not every article has ""5 Hotels"" in the name, and also avoid using the exact name of the hotel for each header in the article. Read through the style guide and let me know if there are any concerns. Thanks everyone!",hipmunk.com/Independent-Hotels-in-Jamaica-NY_Garden-Inn-Suites-509bfe2266edc8466101d12c-Reviews,hipmunk.com/independent-hotels-in-jamaica-ny_lexington-inn-jfk-airport-509bfe9766edc8466102260a-reviews,hipmunk.com/independent-hotels-in-jamaica-ny_jets-motor-inn-509bfcb466edc8466100ba7c-reviews,hipmunk.com/hotels-in-jamaica-ny/sheraton-jfk-airport-hotel-510b139ca0a99444dd00000c-reviews,hipmunk.com/independent-hotels-in-jamaica-ny_hilton-new-york-jfk-airport-510b13ada0a99444dd00005e-reviews
